"my twitter, DM to add/modify list https://twitter.com/shaig",,,,,,,
 ,,,,,,,
My Linkedin https://www.linkedin.com/in/shaigoldman/,,,,,,,
,,,,,,,
Founders and VCs:  sign up for Brex here:  www.brex.com/shai,,,,,,,
"sorted by year raised as this is a resource for founders who are raising capital.  The more recent the fund was raisied, the more capital the VC firm tends to have available for new investments",,,,,,,
,,,,,,,
 ,Fund Name,Amount Raised $M USD,Date announced and or Raised,Year Raised,Fund Number,Location,Notes
1,Exponent Founders Capital,$75,1/4/2024,2024,II,NYC,https://techcrunch.com/2024/01/04/exponent-founders-capital-led-by-plaid-and-robinhood-alums-raises-75m-to-invest-in-early-stage-startups/?guccounter=1&guce_referrer=aHR0cHM6Ly90LmNvLw&guce_referrer_sig=AQAAANnI7UMq17RaUwSYbkPV5ZcC4KcJhAJga7c_J-sIUYVUltVzd57cFcBFeqVlw2EKg0BXXrL-XhKYqcmK-BXDanR9xeINGTESNJAJFPdLoxMo3AOq6YmRKrVD-KZskWgmCleNaO_xV9Og6PnQV9pnsolpgQrjpNDqDO2nyj1X-Nv5
2,Pangaea Ventures,$86,9/24/2024,2024,V,"Vancouver, Canada",https://www.pangaeaventures.com/blog/pangaea-ventures-celebrates-final-close
,Swish Ventures,$60,12/2/2024,2024,I,Israel,https://techcrunch.com/2024/12/02/omri-casppi-launches-60m-fund-for-cyber-cloud-and-ai-startups/
,Initiate Ventures,$45,11/19/2024,2024,I,Bay Area,
2,Portal Ventures,$75,11/15/2024,2024,II,,https://x.com/PortalVentures/status/1857073723813040390
3,Infity Ventures,$184,10/22/2024,2024,II,"Bay Area , NYC",https://www.businesswire.com/news/home/20241022917946/en/Infinity-Ventures-Closes-184M-Fund-II-to-Scale-Its-Operators-First-Investors-Second-Approach-to-Global-Fintech-and-Commerce-Investing
4,Cyberstarts,$60,10/21/2024,2024,IV,Israel,
5,Also Capital,$21,10/17/2024,2024,II,NYC,https://www.linkedin.com/posts/mike-annunziata-12853bb_today-im-proud-to-announce-also-capital-ugcPost-7252678042995556353-G9mP?utm_source=share&utm_medium=member_desktop
6,Diagram Venturesq,$80,10/11/2024,2024,,"Quebec, Canada",https://www.linkedin.com/posts/diagram-ventures_we-are-pleased-to-announce-that-we-have-activity-7250120316440453120-kK7E?utm_source=share&utm_medium=member_desktop
7,Acurio Ventures,$166,9/23/2024,2024,III,Spain,https://techcrunch.com/2024/09/23/all-iron-ventures-rebrands-as-acurio-ventures-with-a-new-e150m-follow-on-fund/?_bhlid=5ec65325d9f8e5b0e61d9b0e82361abf0636088a
8,Avid Ventures,$87,9/19/2024,2024,II,NYC,https://fortune.com/2024/09/19/avid-ventures-raises-87-million-second-fund/
8,The Fintech Fund,$10,9/18/2024,2024,II,NYC,https://www.axios.com/pro/fintech-deals/2024/09/18/this-week-in-fintech-nik-milanovic-fund
9,Patron,$100,9/18/2024,2024,II,"Bay Area, Los Angeles",https://patron.fund/blog/announcing-patron-fund-ii/
10,Fika Ventures,$160,9/11/2024,2024,IV,Los Angeles,https://www.linkedin.com/pulse/new-capital-same-values-introducing-fikas-160m-fund-iv-continuation-ipaec/?trackingId=dAA0gJQ7WQdHMg1uYJu7eA%3D%3D
11,Asylum Ventures,$55,9/5/2024,2024,I,NYC,https://x.com/nchirls/status/1831694207737610285
12,Wischoff Ventures,$50,9/4/2024,2024,III,NYC and Nashville,https://x.com/NWischoff/status/1831380382681591825
13,Slauson,$100,9/4/2024,2024,II,Los Angeles,https://x.com/SlausonAndCo/status/1831346489899077996
14,Oncology Ventures,$30,8/26/2024,2024,I,NYC,https://techcrunch.com/2024/08/26/cancer-survivor-launches-oncology-ventures-to-improve-care/
14,HIPstr,$100,8/15/2024,2024,I,"West Palm Beach, FL",https://refreshmiami.com/mark-bezos-west-palm-firm-raises-100m-for-inaugural-venture-fund-already-backing-6-startups/
15,Flint Capital,$160,8/9/2024,2024,III,Boston,https://techcrunch.com/2024/08/08/flint-capital-raises-a-160m-through-unusual-fund-raising-strategy/
16,SeedIL,$18,7/30/2024,2024,,Israel,https://www.calcalistech.com/ctechnews/article/bj3na00ukr
17,Anthology Fund,"$4,100",7/15/2024,2024,I,Bay Area,https://menlovc.com/anthology-fund/
18,Westly Group,$100,7/3/2024,2024,I,Bay Area,https://westlygroup.com/on-axios-the-westly-group-closes-100-million-seed-fund-to-transform-the-worlds-largest-industries/
19,Refactor Capital,$50,6/18/2024,2024,IV,Bay Area,
20,Day One Ventures,$150,6/11/2024,2024,III,Bay Area,https://www.forbes.com/sites/dariashunina/2024/06/11/masha-buchers-day-one-ventures-raises-150m-fund-iii/
20,High Alpha,$125,6/11/2024,2024,IV,Indiana,https://pulse2.com/high-alpha-125-million-fund-closed-for-fourth-fund/
21,Collaborative Fund,$125,6/10/2024,2024,VI,NYC,https://techcrunch.com/2024/06/10/after-hits-like-reddit-and-scopley-collaborative-fund-easily-raised-a-125m-fund-to-tackle-climate-health-and-food/
22,Italian Founders Fund,$54,6/10/2024,2024,I,Italy,https://italianfoundersfund.com/index.html
23,Contour Venture Partners,$47,5/20/2024,2024,V,NYC,
24,OpenseedVC,$10,5/20/2024,2024,I,,https://techcrunch.com/2024/05/20/openseedvc-which-backs-operators-in-africa-and-europe-starting-their-companies-reaches-first-close-of-10m-fund/
25,NewVale Capital,$167,5/13/2024,2024,I,"Boulder, CO",https://www.prnewswire.com/news-releases/newvale-capital-debuts-with-oversubscribed-167-million-fund-to-invest-in-the-services-architecture-of-the-life-science-industry-302142743.html
26,Starshot Capital,$35,5/9/2024,2024,I,Bay Area,https://www.businesswire.com/news/home/20240422027302/en/Starshot-Capital-Launches-35M-Fund-to-Invest-in-Climate-Companies-That-Can-Avert-1-Gigaton-of-Emissions-by-2050
26,97212 Ventures,$20,5/9/2024,2024,I,NYC,https://www.calcalistech.com/ctechnews/article/hkzoqb9ga
27,Saga Ventures,$125,5/6/2024,2024,I,Bay Area,https://www.forbes.com/sites/alexkonrad/2024/05/06/saga-ventures-raises-125-million-to-invest-outside-silicon-valley-hype/?sh=5115126467d8
28,Hyde Park Venture Partners,$98,5/6/2024,2024,IV,Chicago,
29,Dept of XYZ,$5,5/2/2024,2024,I,NYC,https://fortune.com/crypto/2024/05/02/matt-homer-department-xyz-leshner-dfs-winklevoss-venture/
30,Renegade Partners,$128,5/1/2024,2024,II,Bay Area,https://www.renegadepartners.com/blog/introducing-renegade-ii
31,Scout Ventures,$94,5/1/2024,2024,IV,"Austin, TX",https://www.prnewswire.com/news-releases/scout-ventures-announces-record-breaking-94-million-close-of-fund-iv-302132693.html
32,Eniac Ventures,$160,4/24/2024,2024,VI,NYC,https://techcrunch.com/2024/04/24/seed-stage-firm-eniac-ventures-raises-220m-across-two-funds/
32,Behind Geniuus,$9,4/23/2024,2024,II,"San Diego, CA",https://twitter.com/paigefinnn/status/1782779702123667735
33,SpringTide Ventures,$65,4/18/2024,2024,II,"Boston, SLC, Bay Area",
34,Maven Ventures,$60,4/16/2024,2024,IV,Bay Area,https://www.mavenventures.com/about
35,Human Ventures,$50,4/15/2024,2024,II,NYC,
36,Underscore,$58,4/12/2024,2024,III,Boston,https://underscore.vc/blog/the-next-generation-of-underscore-vc/
37,Audacious Ventures,$150,4/4/2024,2024,I,Bay Area,
38,Maniv,$140,4/3/2024,2024,III,Israel and NYC,
38,Sunna Ventures,$40,4/2/2024,2024,I,Bay Area,https://www.linkedin.com/posts/luisdarbulu_im-very-excited-and-proud-to-announce-sunna-activity-7181115541888147456-6jSk?utm_source=share&utm_medium=member_desktop
39,SYN Ventures,$100,3/27/2024,2024,I,"West Palm Beach, Florida",https://www.linkedin.com/feed/update/urn:li:activity:7178885556414627840/
40,1kx,$75,3/27/2024,2024,I,Germany,https://twitter.com/1kxnetwork/status/1773291564040605895?ref_src=twsrc%5Egoogle%7Ctwcamp%5Eserp%7Ctwgr%5Etweet
41,Westbound,$100,3/14/2024,2024,II,LA,https://www.forbes.com/sites/alexkonrad/2024/03/14/westbound-raises-100-million-for-underrepresented-founders/?sh=77c687e2b2fd
42,Prudence,$80,3/7/2024,2023,III,NYC,https://www.businesswire.com/news/home/20240307527488/en/Prudence-Closes-Its-80mm-Fund-III-To-Invest-In-Technology-Companies-Transforming-The-Built-World
43,Commerce Ventures,$150,3/4/2024,2024,V,SF,https://www.prweb.com/releases/commerce-ventures-announces-oversubscribed-fund-v-to-continue-investing-in-the-future-of-retail-and-financial-services-302077182.html
44,COTU Ventures,$54,2/27/2024,2024,II,Dubai,https://techcrunch.com/2024/02/26/cotu-ventures-launches-54m-fund-for-pre-seed-and-seed-startups-in-mena/?guccounter=1&guce_referrer=aHR0cHM6Ly90LmNvLw&guce_referrer_sig=AQAAAHJdX47Hq-U57HRRVFwdp2S5bxuiUMQ0YzCgrrxbOq8GV5SX-69pt0h3Wjpl8oQ8GJL4Lt6_1pmX75oqb6ae4npwodwda5ExHWkbSIER-U2W-iR0vXxyEenX5KdXlLPHQw1ob6ZwzPKMh6umNf_aro3DjrXRSg8rqecH2ZGQ2Xr-
44,Ibex Ventures,$106,2/22/2024,2024,,Denver and Tel Aviv,https://www.timesofisrael.com/us-based-investment-firm-secures-106-million-for-fund-to-back-israeli-startups/
45,Golden Ventures,$100,2/22/2024,2024,V,Toronto,
46,Overture,$60,2/21/2024,2024,I,LA,https://twitter.com/Overture_VC/status/1760314185496580522
47,Definition Capital,$80,2/21/2024,2024,I,NYC,https://medium.com/@DefinitionCapital/introducing-definition-67b582bb0763
48,Bluestein Ventures,$45,2/20/2024,2024,III,Chicago,https://techcrunch.com/2024/02/20/bluestein-ventures-45m-food-tech-fund/
49,Equal Ventures,$100,2/20/2024,2024,II,NYC,https://medium.com/@EqualVentures/announcing-175m-more-to-bridge-the-digital-divide-5f5ac816ebed
50,iAngels,$70,2/19/2024,2024,II,Tel Aviv,https://www.calcalistech.com/ctechnews/article/bkkfg11bn6
50,Breakwater Ventures,$10,2/14/2024,2024,I,Seattle,https://www.geekwire.com/2024/meet-seattles-newest-seed-fund-breakwater-ventures-emerges-to-back-early-stage-startups/
51,Beta Boom,$15,213/2024,2024,II,Utah,https://www.prweb.com/releases/beta-boom-closes-14-5-million-fund-ii-to-invest-in-software-solutions-for-fastest-growing-yet-least-served-populations-302060107.html
52,AIX Ventures,$202,2/13/2024,2024,II,Bay Area,https://www.aixventures.com/fund-news
53,Voyager Ventures,$100,2/8/2024,2024,II,Bay Area and NYC,https://www.esgtoday.com/voyager-ventures-raises-100-million-for-climate-tech-vc-fund/
54,Wonder Ventures,$102,2/5/2024,2024,IV,LA,https://techcrunch.com/2024/02/05/pre-seed-investor-wonder-ventures-102m/
55,Basis Set,$185,2/2/2024,2024,III,SF,https://www.newcomer.co/p/exclusive-basis-set-raises-185-million
56,Alt Capital,$150,2/1/2024,2024,I,SF,https://www.linkedin.com/posts/jackealtman_im-very-excited-today-to-share-my-next-chapter-activity-7158877349583757312-9jYP?utm_source=share&utm_medium=member_desktop
56,New North Ventures,$22,2/1/2024,2024,I,"Manchester, NH",https://www.newnorthventures.com/
57,Ubiquity Ventures,$75,1/30/2024,2024,III,Bay Area,https://techcrunch.com/2024/01/30/ubiquity-ventures-75m-fund-3-software-beyond-the-screen/
58,Acadian Ventures,$30,1/29/2024,2024,II,NYC,https://venturebeat.com/ai/acadian-ventures-raises-30m-for-vc-fund-focused-on-the-future-of-work/?utm_source=10xcapital.beehiiv.com&utm_medium=newsletter&utm_campaign=the-10x-capital-newsletter
59,LDV Capital,$31,1/24/2024,2024,IV,NYC,https://www.ldv.co/blog/ldv-capital-raised-fourth-fund-to-continue-investing-in-people-building-businesses-powered-by-visual-technologies-and-artificial-intelligence
,Ripple Ventures,$30,1/1/2024,2024,III,"Toronto, California",
60,The House Fund,$115,12/19/2023,2023,III,Bay Area,https://techcrunch.com/2023/10/25/the-house-fund-aims-to-invest-a-fresh-115m-in-berkeley-affiliated-startups/
61,Springdale Ventures,$40,12/19/2023,2023,II,"Austin, TX",https://agfundernews.com/springdale-ventures-closes-40m-fund-for-early-stage-consumer-brands-as-investors-were-here-to-help-remove-obstacles
62,Climactic,$65,12/18/2023,2023,I,"SF, NYC",https://www.climactic.vc/#strategy
62,ARTIS Ventures,$200,12/18/2023,2023,IV,"SF, NYC",https://www.av.co/
63,Harpoon Ventures,$125,12/11/2023,2023,III,"San Diego, CA",https://harpoon.vc/?tpcc=NL_Marketing
64,53 Station,$190,11/27/2023,2023,I,Chicago,https://www.53stations.com/#about
65,Twelve Below,$108,11/21/2023,2023,II,NYC,https://techcrunch.com/2023/11/21/twelve-below-secures-108m-across-two-new-funds/?guccounter=1&guce_referrer=aHR0cHM6Ly93d3cuZ29vZ2xlLmNvbS8&guce_referrer_sig=AQAAAJt_RsNMgnWtDG862eILwfJ6UA2TIZJd4qwtQIF3t3fXoPG62J6WVhO4enKdFbHnnYg16oV0vACb_QEvmJED0WsByTQqi9E6--DTiHeAi1ogzz3piBLFpWMDzPBWriGvAifM3GgyPIMl---kRuahO9-X0YIlFCQoQYQf39xM25jc
66,Interplay,$46,11/13/2023,2023,III,NYC,https://techcrunch.com/2023/11/13/interplay-fund-venture-capital-b2b-marketplaces-vertical-software/
67,ex/ante,$33,11/2/2023,2023,I,NYC,https://www.forbes.com/sites/alexkonrad/2023/11/02/exante-vc-firm-raises-33-million-for-agentic-tech/?sh=4f8c93bc5fa3
68,Bee Partners,$50,11/2/2023,2023,IV,Bay Area,https://techcrunch.com/2023/11/01/bee-partners-venture-capital-pre-seed-deep-tech/
68,Shield Capital,$186,10/16/2023,2023,I,Bay Area,https://shieldcap.com/announcements/shield-capital-closes-186-million-inaugural-venture-capital-fund
69,Geek Ventures,$23,8/28/2023,2023,I,NYC,https://techcrunch.com/2023/08/28/geek-ventures-immigrant-venture-capital/
70,Grand Ventures,$50,10/9/2023,2023,II,"Grand Rapids, Michigan",https://techcrunch.com/2023/10/09/michigans-grand-ventures-announces-50m-early-stage-fund/?guccounter=1&guce_referrer=aHR0cHM6Ly93d3cuZ29vZ2xlLmNvbS8&guce_referrer_sig=AQAAANQpj7NCwb0IHkRQe_Pf7WwlH64OZ_mZIuUYVWTwd9nmsSFEsc28XQWct-m6OJRqmhr2xDUEwL4Rr-JybEcVXrq7ARFwl2SVC6lm96j3ixMJZarmsUpLR0jQpCbM3hnFkktR-obHh4UQpEt7giqAe8EjmLuBh76bpHQ5y5lr-qec
71,Haystack Ventures,$75,9/10/2023,2023,VIII,Bay Area,https://semilshah.com/2023/09/10/announcing-haystack-vii-same-model-fresh-funds-and-new-era/
72,Valhalla Ventures,$66,7/25/2023,2023,I,LA,https://www.finsmes.com/2023/07/valhalla-ventures-launches-66m-fund-i.html
73,Adverb Ventures,$75,7/11/2023,2023,I,Bay Area,https://twitter.com/Adverbvc/status/1678808066878480384?s=20
74,Marketplace Capital,$10,7/6/2023,2023,I,LA,https://twitter.com/yoroomie/status/1676995622602412033?s=46
74,Unshackled Ventures,$35,6/27/2023,2023,III,Bay Area,
75,Kindred Ventures,$200,6/27/2023,2023,III,Bay Area,https://kindredventures.medium.com/announcing-kindred-ventures-iii-and-selector-i-2c6f2005ea64
76,Uncork,$200,6/27/0203,2023,VII,Bay Area,https://medium.com/uncorkcapital/uncork-raises-400m-to-invest-in-and-support-seed-stage-startups-from-inception-through-growth-9316a6599780
77,hash3,$29,6/27/2023,2023,I,NYC,https://twitter.com/Hootie_R/status/1673682379758530560
78,Correlation Ventures,$130,6/27/2023,2023,III,"Bay Area, NYC, San Diego",https://finance.yahoo.com/news/correlation-ventures-announces-close-third-140000898.html?guccounter=1&guce_referrer=aHR0cHM6Ly93d3cuZ29vZ2xlLmNvbS8&guce_referrer_sig=AQAAAASInVbj_WmnpwWY9yhokSGW_VUwNEBb2rbktKhc0LzXacPcdYobK1-sbDX2f7YVoESgdBOpIIHgTW2NmEE56Z86pVNbQXWxPgpK9T2zU_2s6KkhpNwc5QqU0ifN63HT-lspanTma-KqVfyg1mBNSwQMv0mTE0IhH8K6yi2Dq72H
79,Joyful,$23,6/27/2023,2023,I,LA,https://www.bloomberg.com/news/articles/2023-06-27/joyful-ventures-launches-fake-meat-fund-to-invest-in-alt-protein
80,Sugar Capital,$33,6/13/2023,2023,II,Bay Area,https://www.businessinsider.com/brian-lisa-sugar-capital-launch-avid-capital-advisors-2023-6
80,m]x[v Capital,$52,5/18/2023,2023,I,NYC,https://www.prnewswire.com/news-releases/mxv-capital-launches-with-52m-debut-fund-301827865.html
81,Seedcamp,$180,5/18/2023,2023,VI,"UK, Miami",https://seedcamp.com/welcome-to-seedcamp-vi/
82,Red Beard Ventures,$25,5/16/2023,2023,I,"NYC, LA",https://www.coindesk.com/web3/2023/05/16/red-beard-ventures-closes-25m-funding-round-with-animoca-brands-superrare/
83,Everywhere Ventures,$25,4/5/2023,2023,I,NYC,https://www.wsj.com/articles/everywhere-ventures-bucks-trend-by-investing-globally-1071ca09
84,Ensemble,$100,4/4/2023,2023,I,"Austin, TX",https://techcrunch.com/2023/04/04/ensemble-raises-100m-debut-fund-to-bet-on-startup-teams-but-not-in-the-way-you-think/
85,Race Capital,$181,3/22/2023,2023,II,,https://medium.com/racecapital/race-capital-fund-ii-building-the-next-generation-software-infrastructure-fd3a7fb0fa4c
86,Phenomenal Ventures,$6,2/13/2023,2023,I,Bay Area,https://techcrunch.com/2023/02/13/phenomenal-ventures-meena-harris-helen-min-vc-fund/
86,Ansa Capital,$140,1/31/2023,2023,I,NYC,
87,FJ Labs,$200,1/25/2023,2023,I,NYC,https://techcrunch.com/2023/01/25/most-active-investor-fj-labs-closes-on-260m-across-two-new-vehicles/
88,Cowboy Ventures,$140,1/23/2023,2023,IV,"Bay Area, NYC",https://techcrunch.com/2023/01/23/cowboy-ventures-goes-bigger-with-260m-across-two-new-funds-including-an-opportunity-fund/
89,Courtside Ventures,$100,1/19/2023,2023,III,NYC,https://venturebeat.com/games/courtside-ventures-raises-100m-fund-for-sports-collectibles-wellness-and-gaming/
90,Sequoia Capital Seed Fund,$195,1/18/2023,2023,V,Bay Area,https://www.sequoiacap.com/article/seed-fund-and-arc-announcement/
91,Not Boring Capital,$30,1/10/2023,2023,III,NYC,
92,Cake Ventures,$17,1/12/2023,2023,I,Bay Area,https://www.forbes.com/sites/alexkonrad/2023/01/12/monique-woodard-new-fund-cake-ventures/?sh=7519f52b6b47
92,Tenzing Capital,$6,12/31/2022,2023,I,"Wichita, KS",
93,10D,$185,12/20/2022,2022,II,Tel Aviv,https://www.calcalistech.com/ctechnews/article/hygyjn1yi
94,Wischoff Ventures,$20,12/16/2022,2022,II,Tennessee,https://techcrunch.com/2022/12/16/solo-gp-nichole-wischoff-raises-20m-fund-backed-by-peter-thiel-to-invest-in-unsexy-businesses/
95,Jetstream,$10,12/15/2022,2022,I,Bay Area,https://twitter.com/leepnet/status/1603427675279720452
96,Boulder Ventures,$58,12/7/2022,2022,VII,Colorado and DC,https://www.bizjournals.com/denver/inno/stories/news/2022/12/07/boulder-ventures-closes-fund-colorado-startup.html
97,Coelius Capital,$33,12/14/2022,2022,II,Bay Area,https://www.linkedin.com/pulse/announcing-coelius-capital-2-zach-coelius
98,Union Square Ventures - climate fund,$200,12/9/2022,2022,II,NYC,
98,645 Ventures,$194,12/1/2022,2022,IV,NYC,
99,Banana Capital,$20,11/30/2022,2022,II,,https://www.thespl.it/p/banana-fund-2
100,Double Down ,$30,11/2/2022,2022,I,"Miami, FL",https://techcrunch.com/2022/11/02/crypto-consumer-web3-solo-female-gp-magdalena-kala-double-down/?tpcc=tcplustwitter
101,Streamlined Ventures,$140,10/27/2022,2022,V,Bay Area,
102,Propeller Ventures,$100,10/20/2022,2022,I,Boston,https://www.propellervc.com/blog/introducingpropeller
103,Will Ventures,$150,10/18/2022,2022,II,Boston,https://techcrunch.com/2022/10/18/will-ventures-second-fund-sports-technologies/
104,Conviction,$100,10/4/2022,2022,I,,https://sarahguo.com/blog/conviction
104,Dorm Room Fund,$13,9/6/2022,2022,I,"Boston, NYC, SF, Philly",
105,Swell VC,$10,8/31/2022,2022,II,NYC,
106,Stage 2 Capital,$150,8/17/2022,2022,III,Bay Area,
107,Shima Capital,$200,8/17/2022,2022,I,,https://www.coindesk.com/business/2022/08/17/bill-ackman-among-investors-as-venture-capital-crypto-firm-shima-capital-raises-200m-fund/
108,Life Extension Ventures,$100,8/18/2022,2022,I,"NYC, London, SF",https://techcrunch.com/2022/08/18/this-new-100m-fund-plans-to-focus-on-startups-accelerating-the-science-around-longevity/
109,Tapestry,$31,8/3/2022,2022,II,"SF, London, Dublin",https://www.siliconrepublic.com/start-ups/tapestry-vc-venture-capital-two-funds
110,Spacecadet Ventures,$15,8/1/2022,2022,I,NYC,https://www.businessinsider.com/spacecadet-ventures-vc-pitch-deck-raise-money-seed-fund-2022-2
110,Mindset Ventures,$40,8/1/2022,2022,IV,"USA, Israel and Brazil",
111,C2 Ventures,$21,7/30/32022,2022,I,NYC,
112,ANIMO Ventures,$78,7/28/2022,2022,II,Miami,
113,House Capital,$10,7/27/2022,2022,I,"NYC, SF, LA",https://www.businesswire.com/news/home/20220727005080/en/Launch-House-Announces-House-Capital---Its-Venture-Arm
114,Protagonist,$100,7/12/2022,2022,I,Miami,https://www.coindesk.com/business/2022/07/12/solanas-macalinao-brothers-launch-100m-vc-fund/
115,Conscience,$10,7/12/2022,2022,I,Miami,https://techcrunch.com/2022/07/12/conscience-vc-raises-oversubscribed-fund-for-consumer-companies-rooted-in-science/amp/
116,Race Capital,$150,7/11/2022,2022,II,Bay Area,https://www.axios.com/pro/fintech-deals/2022/06/30/race-capital-150-million-second-fund?utm_source=substack&utm_medium=email
116,Lorimer Ventures,$10,7/1/2022,2022,I,NYC,
117,Recripocal Ventures,$70,6/28/2022,2022,II,NYC,https://www.theblock.co/post/154743/early-stage-solana-backer-reciprocal-ventures-launches-70-million-fund
118,True Wealth Ventures,$35,6/27/2022,2022,II,Austin,https://techcrunch.com/2022/06/27/austin-true-wealth-ventures-raises-second-fund-female-women-startups-founders-entrepreneurs/?guccounter=1&guce_referrer=aHR0cHM6Ly93d3cubGlua2VkaW4uY29tLw&guce_referrer_sig=AQAAALFo8IWrxnyhlKiEVVpgizAmIeGfX8AiQY-LwNT64pOjLj-P1Cak0D7hsUohznnQ1kWdBor6OFHdBmypRHwQZzCg4wvSIDbkqKofw7X29tVLKbcedXIMpK5xx2lKaPWvBbyZOcaiIHS9aYGqbKi_aMYu8spQqgP2sbsyJt4IXYYc
119,Shine Capital,$200,6/2/2022,2022,II,NYC,
120,Exceptional Capital,$30,6/2/2022,2022,I,Miami,https://www.forbes.com/sites/rebeccaszkutak/2022/02/15/solo-black-gp-marell-evans-launches-exceptional-capital-to-focus-on-b2b-software/?sh=4041ab2a58e4
121,Canonical Ventures,$20,6/2/2022,2022,I,Bay Area,https://techcrunch.com/2022/06/02/microsoft-web3-solo-gp-venture-fund-backs-crypto-developer-tools-infrastructure/
122,Great North Ventures,$40,5/23/2022,2022,II,Minneapolis,https://greatnorthventures.com/great-north-ventures-raises-40-million-fund-ii/
122,GreenPoint Partners,$134,5/19/2022,2022,I,NYC,https://www.prnewswire.com/news-releases/greenpoint-announces-global-platform-investing-at-the-intersection-of-real-assets-technology-and-sustainability-301550252.html?tc=eml_cleartime
123,Tusk Ventures,$140,5/17/2022,2022,III,NYC,
124,6th Man Ventures,$145,5/12/2022,2022,II,NYC,https://www.coindesk.com/business/2022/05/12/6th-man-ventures-raises-145m-for-crypto-fund-report/
125,Chingona Ventures,$53,5/6/2022,2022,II,Chicago,https://techcrunch.com/2022/05/06/chingona-ventures-lands-52m-to-fund-overlooked-founders-in-massive-markets/
126,Valia Ventures,$50,5/5/2022,2022,II,NYC,https://techcrunch.com/2022/05/05/meet-valia-an-early-stage-vc-firm-backed-by-tiger-that-wants-to-back-founders-who-are-breaking-the-mold/
127,Bull City Venture Partners,$50,5/4/2022,2022,IV,"Durahm, North Carolina",https://techcrunch.com/2022/05/04/bull-city-venture-partners-is-the-opposite-of-flashy-and-its-backers-approve/
128,Hetz Ventures,$123,5/3/2022,2022,III,Israel,https://techcrunch.com/2022/05/03/hetz-ventures-closes-third-fund-of-123m-to-focus-on-devops-tools-open-source-fintech-and-cyber/
128,January Ventures,$21,4/29/2022,2022,II,Boston and London,https://techcrunch.com/2022/04/28/january-ventures-fund-3-early-stage/
129,Divergent Capital,$30,4/1/2022,2022,I,NYC,
130,Expa,$200,4/1/2022,2022,III,"SF, NYC",https://www.expa.com/news/200m
131,Freesytle,$130,3/31/2022,2022,VI,Bay Area,
132,SteelSky Ventures,$72,3/23/2022,2022,I,Atlanta,https://femtechinsider.com/steelsky-ventures-fund-i/
133,Serena Ventures,$111,3/1/2022,2022,I,S. Florida,
134,186 Ventures,$37,2/28/2022,2022,I,Boston,https://www.bizjournals.com/boston/news/2022/02/28/heres-how-two-draftkings-alumni-came-to-launch-18.html
134,SRB Ventures,$10,2/25/2022,2022,I,NYC,
135,Better Tomorrow Ventures,$150,2/16/2022,2022,II,Bay Area,https://techcrunch.com/2022/02/15/better-tomorrow-ventures-closes-on-225m-fintech-focused-fund-which-is-triple-the-size-of-its-last-fund/?guccounter=1&guce_referrer=aHR0cHM6Ly90LmNvLw&guce_referrer_sig=AQAAAC2Eo_zTEvHK9ao-bglbuJAdvI8KQjaDpt7zN8wvCGrWDivyMVn2wBpMNxryMSmmdWJm6EB5iW0cHfc0Hdr4hcTwy_XMCUk275ImDk3YiuKsfa3aiwvhV4dLWqokp6rpANrMVzkMPreTYfQiDMvqbJNeCv69WQcwmU5Mg2vFNdh7
136,Burnt Island Ventrues,$30,2/11/2022,2022,I,NYC,https://www.forbes.com/sites/rebeccaszkutak/2022/02/17/burnt-island-ventures-raises-30-million-for-early-stage-water-startups/?sh=1710b56044f5
137,NOEMIS Ventures,$24,2/4/2022,2022,I,NYC,
138,Collider Ventures,$100,1/28/2022,2022,II,Israel,
139,2048 Ventures,$67,1/18/2022,2022,II,NYC,
140,Wonder Ventures,$31,1/13/2022,2022,III,LA,
140,TMV,$64,1/11/2022,2022,II,NYC,
141,Not Boring Capital,$30,1/10/2022,2022,II,NYC,
142,USV Climate Fund,$162,1/8/2021,2021,I,NYC,https://www.usv.com/writing/2021/01/usv-climate-fund/
143,1982 Ventures,$13,12/25/2021,2021,I,Singapore,https://aithority.com/technology/financial-services/singapore-1982-ventures-raises-us12-5million-in-the-first-close-of-seed-fund/
144,Array Ventures,$56,12/21/2021,2021,III,Bay Area,https://techcrunch.com/2021/12/21/array-ventures-raises-56m-to-back-tech-heavy-enterprise-software/
145,Crossbeam Venture Partners,$70,12/20/2021,2021,II,NYC,
146,Chapter One,$50,12/15/2021,2021,II,,https://mirror.xyz/chapterone.eth/vRrTabwSY_0z5GqPF5piVGIdUuHIPtv41v5VIZKl848
146,Script Capital,$38,12/13/2021,2021,II,,
147,UpWest,$70,11/4/2021,2021,IV,"Israel, Bay Area",https://techcrunch.com/2021/11/04/upwest-raises-70-million-for-fund-iv-investing-in-israeli-founders-looking-to-tackle-u-s-market/
148,Fifty Years,$90,10/28/2021,2021,III,Bay Area,
149,"Sino Global Capital, Liquid Value Fund",$200,10/25/2021,2021,I,China,
150,Variant,$110,10/19/2021,2021,II,NYC,https://variant.fund/writing/fund-ii-announcement
151,8-Bit Capital,$40,10/19/2021,2021,I,Bay Area,https://techcrunch.com/2021/10/04/8-bit-capital-co-led-by-jonathan-abrams-has-closed-its-first-fund-with-40-million/
152,Patron,$90,10/19/2021,2021,I,LA,https://patron.xyz/
152,Riot Ventures,$90,9/27/2021,2021,II,LA,https://www.riot.vc/
153,500 Global,$140,9/17/2021,2021,,Global,
154,Gateway Capital,$14,8/9/2021,2021,I,"Milwaukee, WI",https://www.bizjournals.com/milwaukee/inno/stories/news/2021/08/09/gateway-capital-fund-close-13-5-m.html
155,Techstars,$150,8/6/2021,2021,,Multiple cities,https://www.techstars.com/newsroom/techstars-closes-oversubscribed-usd150m-fund-to-support-accelerators-high?_hsenc=p2ANqtz-_3xacgGF8-QmlN-z3lXaFIJDXmgepAFn3wrgOpmOUije4150ZQrPEGaBvPgalqvulPHjSsxn-KF6Ae6RFNMAtrZsJGR6LTTMTM6fedIIpkogHsNAU&_hsmi=146337128&utm_campaign=Techstars%20TSA%202021%20Announcement%20to%20investors&utm_content=146333637&utm_medium=email&utm_source=hs_email
156,Stage 2 Capital,$80,8/6/2021,2021,II,Multiple cities,
157,Work-Bench,$100,8/4/2021,2021,III,NYC,
158,True Beauty,$42,7/30/2021,2021,I,NYC,https://www.prnewswire.com/news-releases/true-beauty-ventures-raises-debut-fund-in-excess-of-42-million-backed-by-beauty-founders-and-executives-to-grow-emerging-beauty-and-wellness-brands-301344829.html?tc=eml_cleartime
158,Aperature,$75,7/27/2021,2021,I,"NYC, LA, Philly",https://www.prnewswire.com/news-releases/aperture-venture-capital-closes-first-round-of-75m-corporate-diversity-fund-301337448.html
159,Ocean Azul,$40,7/23/2021,2021,II,Miami,https://www.refreshmiami.com/ocean-azul-closes-fund-2-at-over-40-million-with-a-south-florida-commitment/
160,Moxxie Ventures,$85,7/19/2021,2021,II,,https://moxxie.substack.com/p/moxxie2
161,Vine Ventures,$50,7/13/2021,2021,I,NYC,https://ericreinervine.medium.com/vine-ventures-i-lp-2f52279eca57
162,Female Founders Fund,$57,7/13/2021,2021,I,NYC,
163,Zeal Capital Partners,$62,7/12/2021,2021,I,Washington D.C.,
164,Not Boring Capital,$8,7/12/2021,2021,I,NYC,https://www.notboring.co/p/introducing-not-boring-capital
164,H Ventures Partners,$10,7/8/2021,2021,I,"Cincinnati, Oho",https://techcrunch.com/2021/07/08/h-venture-partners-closes-10m-debut-fund-targeting-science-based-brands/
165,Stellation Capital,$40,78/2021,2021,I,NYC,https://techcrunch.com/2021/07/08/peter-boyce-stellation-capital/
166,Renegade Partners,$100,7/7/2021,2021,I,Bay Area,
167,Acrylic,$55,7/7/2021,2021,I,NYC,https://medium.com/@acrylic_/announcing-acrylic-c17878bc897
168,ATX Ventures,$150,7/5/2021,2021,III,"Austin, Texas",https://www.bizjournals.com/austin/news/2021/06/30/atx-venture-partners-150m-fund.html
169,MAGIC Fund,$30,7/6/2021,2021,II,"Bay Area, Miami",https://techcrunch.com/2021/07/06/magic-fund-raises-30m-to-scale-its-global-founders-backing-founders-fund/?guccounter=1
170,Comeback Capital,$12,7/1/2021,2021,II,Ohio,
170,Infity Ventures,$158,6/30/2021,2021,I,"Bay Area, NYC",https://www.businesswire.com/news/home/20220516005165/en/Infinity-Ventures-Launches-Inaugural-158-Million-Fund-Dedicated-to-Global-Fintech-Investing
171,Rackhouse VC,$15,6/30/2021,2021,I,Bay Area,https://techcrunch.com/2021/06/30/ubers-first-head-of-data-science-just-launched-a-new-venture-fund-to-back-nascent-ai-startups/
172,Dynamo Ventures,$43,6/24/2021,2021,II,"Chattanooga, Tennessee",
173,Ubiquity Ventures,$50,6/23/2021,2021,II,Bay Area,
174,Golden Ventures,$100,6/23/2021,2021,IV,"Toronto, Canada",
175,MetaProp,$100,6/22/2021,2021,III,NYC,
176,Commerce Ventures,$150,6/18/2021,2021,IV,Bay Area,
176,20VC,$33,6/16/2021,2021,II,"London, UK",
177,Seven Seven Six,$150,6/10/2021,2021,I,"Miami, Florida",
178,Version One,$70,6/8/2021,2021,IV,"Bay Area, Canada",https://techcrunch.com/2021/06/08/version-one-launches-70m-fund-iv-and-30m-opportunities-fund-ii/
179,Brooklyn Bridge Ventures,$15,6/8/2021,2021,I,NYC,https://www.brooklynbridge.vc/bbv-raises-third-fund/
180,Firstminute Capital,$160,6/4/2021,2021,II,"London, UK",
181,Refactor Capital,$50,6/3/2021,2021,III,Bay Area,
182,Propel Venture Partners,$50,6/1/2021,2021,III,Bay Area,
182,Collab Capital,$50,5/26/2021,2021,I,Atlanta,https://medium.com/capital-innovation/collab-capital-closes-50m-first-fund-to-invest-in-black-innovators-22896db11ae8
183,Overlooked Ventures,$50,5/19/2021,2021,I,"Columbus, Ohio",
184,Ulu Ventures,$138,5/18/2021,2021,III,Bay Area,
185,Framework Ventures,$100,5/14/2021,2021,I,Bay Area,https://www.wsj.com/articles/crypto-venture-firm-framework-draws-institutional-support-11620990002?st=bzp0tw29d4ijwwh&reflink=article_copyURL_share
186,LDV Capital,$21,5/4/2021,2021,III,NYC,
187,Multicoin Capital,$100,5/4/2021,2021,II,"Austin, TX",
188,Banana Capital,$10,4/27/2021,2021,I,"Ann Arbor, MI",
188,Basis Set Ventures,$165,4/22/2021,2021,II,Bay Area,
189,BrandProject,$43,4/16/2021,2021,I,NYC,
190,Footwork,$175,4/15/2021,2021,I,Bay Area,https://nbt.substack.com/p/footwork
191,Harlem Capital,$134,3/31/2021,2021,II,NYC,
192,Starting Line,$30,4/12/2021,2021,II,Chicago,
193,MaC Venture Capital,$110,3/25/2021,2021,I,Los Angeles,https://macventurecapital.com/mac-venture-capital-raises-a-110m-inaugural-fund-to-invest-in-founders-building-the-future-we-want-to-see/
194,BBG Ventures,$50,3/24/2021,2021,III,NYC,https://www.forbes.com/sites/elizahaverstock/2021/03/24/bbg-ventures-closes-50-million-early-stage-fund-for-female-founders/?sh=30c974b67826
194,Bowery Capital,$70,3/22/2021,2021,III,"NYC, Bay Area",https://www.forbes.com/sites/rebeccaszkutak/2021/03/22/bowery-capital-sets-its-sights-on-san-francisco-with-a-fresh-70-million-fund-and-a-new-partner/?sh=5c51c617cdce
195,Village Global,$125,3/15/2021,2021,II,Bay Area,
196,Future Value Fund,$10,3/11/2021,2021,1,"Columbus, Ohio",https://www.rev1ventures.com/blog/rev1-ventures-launches-10mm-pre-seed-fund-with-osu-ohio-third-frontier/?utm_campaign=coschedule&utm_source=twitter&utm_medium=Rev1Ventures&utm_content=Rev1%20Ventures%20Launches%20$10MM%20Pre-Seed%20Fund%20with%20OSU%20and%20Ohio%20Third%20Frontier%20-%20Rev1%20Ventures
197,Savannah Fund,$35,3/10/2021,2021,II,"Kenya, South Africa, Tanzania",
198,Pioneer Square Labs,$100,3/4/2021,2021,II,"Seattle, Washington",
199,GSR Ventures,$180,3/4/2021,2021,I,Bay Area,
200,Founders' Co-Op,$50,3/1/2021,2021,V,"Seattle, Washington",
200,Silicon Road Ventures,$31,3/1/2021,2021,I,Atlanta,
201,Sequoia Capital Seed Fund,$195,2/26/2021,2021,IV,Bay Area,
202,Primary Venture Partners,$150,2/24/2021,2021,III,NYC,https://medium.com/thoughts-from-primary-venture-partners/longnyc-primary-announces-a-fresh-200mm-commitment-to-nyc-founders-e85d90a45ccf
203,Hustle Fund,$34,2/22/2021,2021,II,Bay Area,
204,Avid Ventures,$72,2/19/2021,2021,I,NYC,
205,Atelier Ventures,$13,2/16/2021,2021,I,USA,
206,Eniac Ventures,$125,2/9/2021,2021,V,NYC,
206,Construct Capital,$140,2/8/2021,2021,I,Washington D.C.,
207,Frontline Ventures,$84,2/5/2021,2021,I,"Dublin, Ireland and London",
208,Halogen Ventures,$21,2/3/2021,2021,II,Los Angeles,https://dot.la/halogen-ventures-2650282655.html
209,Scribble Ventures,$43,2/4/2021,2021,I,Bay Area,https://www.forbes.com/sites/alexkonrad/2021/02/04/twitter-alum-elizabeth-weils-vc-firm-debuts-with-42-million-to-bring-back-old-venture-collaboration/?sh=28c7d14c2a96
210,Softbank Miami Fund,$100,1/25/2021,2021,I,"Miami, Florida",
211,Kindred Ventures,$100,2/1/2021,2021,II,Bay Area,
212,NextView,$100,1/27/2021,2021,IV,"Boston, NYC",
212,ISAI,$175,1/24/2021,2021,II,France,https://techcrunch.com/2018/07/04/isai-closes-new-175-million-fund/
213,Ludlow Ventures,$60,1/22/2021,2021,IV,"Detroit, Michigan",
214,Define Ventures,$87,1/13/2021,2021,I,Bay Area,
215,Haystack Ventures,$50,2/2/2020,2020,V,Bay Area,https://twitter.com/semil/status/1224026347602755584
216,Overton Venture Capital,$9,12/31/2020,2020,I,NYC,
217,XYZ Venture Capital,$80,12/15/2020,2020,II,Bay Area,https://news.crunchbase.com/news/xyz-venture-capital-unveils-80m-second-fund/
218,Ada Ventures,$50,12/8/2020,2020,I,UK,
218,Bling Capital,$113,12/3/2020,2020,II,San Francisco,
219,Union Labs,$29,11/30/2020,2020,I,Bay Area,https://techcrunch.com/2020/11/30/union-labs-believes-uniting-vc-and-corporate-expertise-can-help-startups-solve-hard-tech-problems/
220,Seedcamp,$103,10/11/2020,2020,V,UK,
221,Oceans Ventures,$11,11/3/2020,2020,I,NYC,
222,645 Ventures,$160,10/28/2020,2020,III,NYC,
223,Impact America Fund,$55,10/272020,2020,II,,
224,Bullpen Capital,$130,10/1/2020,2020,V,Bay Area,
224,Conductive Ventures,$150,9/14/2020,2020,II,Bay Area,
225,Point Nine Capital,$117,9/22/2020,2020,V,Germany,
226,Mantis,$35,9/15/2020,2020,I,,https://techcrunch.com/2020/09/15/the-chainsmokers-just-closed-their-debut-venture-fund-mantis-with-35-million/?tpcc=ECTW2020
227,Xfund,$120,9/4/2020,2020,III,"Bosto, Bay Area",https://www.seas.harvard.edu/news/2020/09/xfund-celebrates-launch-new-fund
228,La Famiglia,$59,8/12/2020,2020,II,"Berlin, Germany",https://techcrunch.com/2020/08/11/la-famiglia/
229,Better Tomorrow Ventures,$75,8/12/2020,2020,I,Bay Area,https://twitter.com/pitdesi/status/1293926698681954305
230,Electric Capital,$110,8/3/2020,2020,II,Bay Area,crypto focused
230,Notation Capital,$42,7/30/2020,2020,III,NYC,https://medium.com/notation-capital/notation-iii-notation-moonlight-e31f5332c8d8
231,20VC Fund,$8,7/17/2020,2020,I,UK,
232,Coelius Capital,$45,7/15/2020,2020,I,Bay Area,https://www.wsj.com/articles/coelius-capital-founder-is-latest-angellist-investor-to-graduate-to-vc-fund-11594805402
233,Concrete Rose Capital,$15,7/10/2020,2020,I,Bay Area,https://www.bloomberg.com/news/articles/2020-07-07/investing-in-vc-funds-for-diverse-founders-is-getting-competitive?sref=iFePAYMn
234,Rethink Impact,$182,7/9/2020,2020,II,"NYC, DC, Bay Area",https://www.nytimes.com/2020/07/09/business/dealbook/venture-capital-women.html
235,Engineering Capital,$60,7/8/2020,2020,III,Bay Area,https://techcrunch.com/2020/07/08/this-vc-just-closed-on-60-million-to-fund-technical-risk-saying-other-vcs-rarely-do-the-same/
236,Victress Capital,$22,7/7/2020,2020,II,"Boston, MA",https://medium.com/@VictressCapital/announcing-victress-capital-fund-ii-a-women-led-vc-fund-focused-on-investing-in-early-stage-c448bc643193
236,Tech Square Ventures,$25,7/3/2020,2020,II,"Atlanta, GA",https://www.bizjournals.com/atlanta/news/2020/07/03/tech-square-ventures-second-investment-fund.html
237,Lightship Capital,$22,6/26/2020,2020,I,"Cincinnati, Ohio",https://www.wsj.com/articles/lightship-capital-launches-fund-for-underrepresented-founders-in-the-midwest-11593165601
238,Hoxton Ventures,$99,6/18/2020,2020,II,"London, UK",
239,Fly Ventures,$59,6/18/2020,2020,II,"Berlin, Germany",https://techcrunch.com/2020/06/17/fly-ventures-ii/
240,Pale Blue Dot,$63,6/16/2020,2020,I,Sweden,https://techcrunch.com/2020/06/16/pale-blue-dot/
241,Founder Collective,$75,5/21/2020,2020,IV,"Boston, NYC","previous fund was $75M, so assumption is that it is a similar size https://medium.com/@foundercollective/announcing-founder-collective-iv-77f31095482d"
242,Kickstart,$110,5/1/2020,2020,V,Utah,https://techcrunch.com/2020/04/29/utah-based-seed-fund-kickstart-closes-fifth-fund-worth-110m/
242,TheFund,$9,5/1/2020,2020,II,"NYC, LA, London",https://techcrunch.com/2020/04/30/the-fund-la-london/
243,BoostVC,$40,4/21/2020,2020,IV,Bay Area,https://techcrunch.com/2020/04/21/boostvc-closes-40m-fund-as-revamped-sci-fi-accelerator-preps-for-digital-demo-day/
244,Corigin Ventures,$36,4/14/2020,2020,I,NYC,https://techcrunch.com/2020/04/14/corigin-ventures-raises-36m-debut-fund-to-invest-in-startups-that-help-with-99-of-daily-life/
245,Zetta Ventures,$180,4/14/2020,2020,III,Bay Area,https://www-bloomberg-com.cdn.ampproject.org/c/s/www.bloomberg.com/amp/news/articles/2020-04-14/zetta-venture-partners-clears-pandemic-hurdles-for-biggest-fund
246,TheVentureCity,$75,4/1/2020,2020,II,"Miami, Madrid",
247,Coeffecient Capital,$170,4/2/2020,2020,I,NYC,https://www.bevnet.com/news/2020/new-fund-coefficient-capital-to-back-omnichannel-businesses
248,Shrug Capital,$15,3/11/2020,2020,II,Bay Area,https://twitter.com/ShrugCap/status/1237441346148786176
248,Equal Ventures,$56,2/11/2020,2020,I,NYC,https://techcrunch.com/2020/02/11/equal-ventures-raises-debut-56m-fund-to-double-down-on-thesis-driven-seed/
249,TLV Ventures,$150,2/9/2020,2020,III,Israel,https://nocamels.com/2020/02/venture-capital-firm-israel-tlv-partners-fund/
250,Royal Street Ventures,$20,1/1/2020,2020,III,"Kansas City, Missouri",
251,Union Square Ventures,$190,1/2/2019,2019,V,NYC ,https://techcrunch.com/2019/01/02/union-square-ventures-secures-429m-across-two-new-funds/
252,Plexo Capital,$43,12/5/2019,2019,I,Bay Area,https://techcrunch.com/2019/12/05/gv-spinout-plexo-capital-closes-42-5-million-fund/
253,Tusk Ventures,$70,12/18/2019,2019,II,NYC,
254,Moxxie Ventures,$25,12/18/2019,2019,I,SF,https://medium.com/@KatieS/introducing-moxxie-ventures-8e4a73bb6477
254,Aleph,$200,12/17/2019,2019,III,Israel,
255,Harlem Capital,$40,12/2/2019,2019,I,NYC,https://medium.com/@harlemcapitalpartners/harlem-capital-closes-40mm-inaugural-fund-6cb754600330
256,House Fund,$44,11/18/2019,2019,II,Bay Area,https://techcrunch.com/2019/11/18/the-house-fund-closes-its-second-fund-with-44-million-to-pour-into-uc-berkeley-grads-alums-and-faculty/
257,Kindred Ventures,$56,11/18/2019,2019,I,Bay Area,https://twitter.com/km/status/1196505067899064321
258,Motivate Ventures,$43,11/15/2019,2019,I,Chicago,https://motivate.vc/
259,BoldStart Ventures,$112,11/14/2019,2019,IV,NYC,https://pitchbook.com/newsletter/boldstart-ventures-snags-157m-across-two-funds
260,BoldStart Ventures Opportunity Fund,$45,11/14/2019,2019,I,NYC,
260,ScaleX Ventures,$20,11/6/2019,2019,I,Turkey,
261,Chingona Ventures,$6,10/15/2019,2019,I,Chicago,
262,Refactor Capital,$30,10/21/2019,2019,II,Bay Area,
263,Rise of the Rest,$150,10/28/2019,2019,II,Washington DC,https://www.forbes.com/sites/alexkonrad/2019/10/28/steve-case-launches-second-rise-of-rest-fund-at-under-30-summit/#5fc397fd6632
264,Base10 Partners,$180,10/21/2019,2019,II,Bay Area,https://www.pehub.com/vc-journal/emerging-manager-base10-quickly-raises-sophomore-fund/
265,Bloomberg Beta,$75,10/1/2019,2019,III,"NYC, Bay Area",
266,Indicator Ventures,$25,9/30/2019,2019,II,"NYC, Boston",
266,Remagine Ventures,$35,9/17/2019,2019,I,UK,https://techcrunch.com/2019/09/17/remagine-secures-35m-fund-backed-by-media-giants-to-focus-on-entertainment-and-media-tech/
267,F2 Venture Capital,$75,9/1/2019,2019,II,Israel,
268,Cleo Capital,$4,8/19/2019,2019,I,Bay Area,https://www.marieclaire.com/career-advice/a28713005/sarah-kunst-cleo-capital-fund/
269,Uncork Capital,$200,8/19/2019,2019,VI,Bay Area,https://techcrunch.com/2019/08/19/uncork-uncorks-two-new-funds/
270,YL Ventures,$120,7/10/2019,2019,IV,Israel,
271,Haystack Ventures,$50,7/5/2019,2019,V,Bay Area,https://news.crunchbase.com/news/sec-filing-haystack-ventures-closed-50-million-for-oversubscribed-fifth-flagship-fund/
272,Fifty Years,$50,7/1/2019,2019,II,Bay Area,https://www.wsj.com/articles/fifty-years-raises-second-fund-focused-on-biotech-startups-11562007704?emailToken=72d9e0eda1281af90f956c5a3070266bVAI1USypz/h7ZsnPwJlJqtaB3urT83%2B9NlhAIcLzde8SQNDkCmUnbBqPd7a%2BVUvPxQYLilJ4Lm8hTz4qKbN%2B2haASh7mCcoowBqynXI640i23DEI5JVAh//JTB4jr2XA
272,Susa Ventures,$90,7/1/2019,2019,III,Bay Area,https://techcrunch.com/2019/07/01/susa-ventures-a-young-vc-firm-with-some-high-flying-bets-just-closed-on-140-million-in-new-capital/
273,XFactor Ventures,$9,5/31/2019,2019,II,NYC,
274,Maveron,$194,5/29/2019,2019,VII,"Seattle, Bay Area",
275,Ludlow Ventures,$45,3/21/2019,2019,III,"Detroit, Michigan",
276,Plexo Capital,$35,3/12/2019,2019,I,Bay Area,
277,Precursor Ventures,$31,2/28/2019,2019,II,Bay Area,
278,ATX Seed Ventrues,$32,2/28/2019,2019,II,"Austin, Texas",
278,Human Ventures,$50,2/28/2019,2019,I,NYC,
279,Sorenson Capital Ventues,$110,2/28/2019,2019,I,Utah,
280,Blossom Capial,$85,2/26/2019,2019,I,"London, UK",
281,Boulder Food Group,$103,2/27/2019,2019,II,"Boulder, Colorado",
282,iNovia Capital,$200,2/19/2019,2019,V,"Montreal, Toronto, Bay Area, London",https://blog.inovia.vc/crafting-our-own-venture-model-as-a-full-stack-venture-firm-82325888a496
283,Partech Africa Fund,$143,1/31/2019,2019,I,"Paris, Bay Area, Berlin, Nairobi",
284,Active Capital,$22,2/1/2019,2019,I,"San Antonio, Texas",https://therivardreport.com/local-vc-firm-active-capital-announces-debut-fund-of-20-million/
284,Ubiquity Ventures,$30,1/23/2019,2019,I,Bay Are,
285,BlueRun Ventures ,$130,1/17/2019,2019,VI,Bay Area,
286,BlueYard Capital,$127,1/15/2019,2019,II,"Berlin, Germany",
287,Resolute Ventures,$75,1/16/2019,2019,IV,"Boston, Bay Area",
288,Providence Ventures,$150,1/9/2019,2019,II,"Seattle, Bay Area",
289,Motley Fool Ventures,$146,1/9/2019,2019,I,"Virginia, USA",http://www.finsmes.com/2019/01/motley-fool-closes-first-venture-capital-fund-at-145-73m.html
290,Aspect Ventures,$181,1/23/2018,2018,II,Bay Area,
290,Heron Rock Fund,$25,12/3/2018,2018,II,"Ontario, Canada",
291,Zigg Capital,$108,12/20/2018,2018,I,NYC,
292,Work-Bench,$47,12/13/2018,2018,II,NYC,https://techcrunch.com/2018/12/13/nycs-work-bench-announces-47m-enterprise-investment-fund/
293,212,$34,12/13/2018,2018,II,Turkey,
294,One Way Ventures,$28,11/18/2018,2018,I,Boston,https://www.wsj.com/articles/new-funds-aim-to-help-immigrant-founders-1510948911
295,500 Startups Vietname,$14,11/18/2018,2018,I,Vietnam,
296,Wonder Ventures,$15,11/15/2018,2018,II,LA,https://medium.com/@duro/announcing-wonder-ventures-fund-ii-15m-pre-seed-fund-focused-on-la-3ace050e8ea2
296,Comeback Capital ,$2,10/17/2018,2018,I,Ohio,https://businessjournaldaily.com/fund-connects-regional-startups-with-national-investment/
297,Version One Ventures,$45,10/17/2018,2018,III,"Vancover, Canada and Bay Area",https://www.geekwire.com/2018/version-one-ventures-raises-45m-third-fund-keeps-close-eye-seattle-ecosystem/
298,Atomic,$150,10/10/2018,2018,II,Bay Area,https://www.forbes.com/sites/alexkonrad/2018/10/10/atomic-startup-studio-new-fund/#4ccee372e570
299,Base10 Partners,$137,9/17/2018,2018,I,Bay Area,https://venturebeat.com/2018/09/17/base10-partners-launches-137-million-early-stage-ai-startup-fund/amp/
300,Seven Peaks Ventures,$28,9/13/2018,2018,II,Oregon,https://www.geekwire.com/2018/seven-peaks-ventures-raises-28m-fund-will-invest-25-early-stage-startups-across-pacific-northwest/
301,645 Ventures,$41,8/23/2018,2018,II,NYC,
302,Corigin Ventures,$22,8/20/2018,2018,II,NYC,https://therealdeal.com/2018/08/20/corigin-ventures-raises-22m-in-second-fund/
302,Cowboy Ventures,$95,8/7/2018,2018,III,Bay Area,
303,Company Ventures,$35,8/1/2018,2018,I,NYC,
304,Health Enterprise Partners,$188,8/9/2018,2018,III,NYC,https://www.prnewswire.com/news-releases/health-enterprise-partners-raises-188-million-in-oversubscribed-third-fund-300676848.html
305,RevTech Ventures,$40,7/30/2018,2018,VII,"Dallas, Texas",
306,Eos Venture Partners,$100,7/12/2018,2018,I,Philadelphia and London,
307,New Voices Fund,$100,7/6/2018,2018,I,,https://newvoicesfund.com/about/
308,ANIMO Ventures,$60,7/1/2018,2018,I,"SF, NY, Miami",
308,Wave Capital,$53,6/26/2018,2018,I,LA,
309,Primary Venure Partners,$100,6/12/2018,2018,II,NYC,https://techcrunch.com/2018/06/12/primary-venture-partnrs-fund-ii/
310,White Star Capital ,$180,6/4/2018,2018,II,"London, New York, Montreal, Paris, Tokyo ",
311,Stride,$53,6/4/2018,2018,I,UK,https://techcrunch.com/2018/06/04/stride-vc/
312,Huobi Partners,$93,6/1/2018,2018,I,South Korea,https://www.coindesk.com/huobi-partners-on-93-million-china-south-korea-blockchain-fund/?utm_content=bufferff85d&utm_medium=social&utm_source=twitter.com&utm_campaign=buffer
313,Collaborative Fund,$100,5/29/2018,2018,IV,NYC,
314,Contrary Captal,$2,5/24/2018,2018,I,Midwest,https://medium.com/@contrarycapital/announcing-fund-i-365e8ea66f78
314,Underscore,$115,5/30/2018,2018,II,Boston,
315,Silverton Partners,$108,5/11/2018,2018,V,"Austin, Texas",
316,Female Founders Fund,$27,5/8/2018,2018,II,NYC,
317,Backstage Capital,$36,5/4/2018,2018,II,Los Angeles,
318,Salesforce Ventures - Canadian Trailblazer Fund,$100,5/3/2018,2018,I,Bay Area,
319,Hustle Fund,$12,5/1/2018,2018,I,Bay Area,
320,Golden Ventures,$58,5/2/22018,2018,III,"Toronto, Canada",
320,South Park Commons,$40,4/26/2018,2018,I,Bay Area,
321,Imaginary Ventures,$75,4/17/2018,2018,I,"NYC, UK",
322,Shrug Capital,$3,4/16/2018,2018,I,Bay Area,
323,Cyberstarts VC,$54,4/16/2018,2018,I,Israel,
324,Lerer Hippeau,$150,4/13/2018,2018,VI,NYC,https://www.sec.gov/Archives/edgar/data/1725661/000172566118000001/xslFormDX01/primary_doc.xml
325,Background Capital,$9,4/10/2018,2018,I,Bay Area,
326,Conductive Ventures,$100,4/10/2018,2018,I,Bay Area,
326,Unusual Ventures,$150,4/10/2018,2018,I,Bay Area,
327,Makers Fund,$180,4/4/2018,2018,I,Hong Kong,
328,Congruent Ventures,$92,4/5/2018,2018,I,Bay Area,
329,Firebrand Ventures,$18,4/3/2018,2018,I,"Kansas City, Missouri",https://www.firebrandvc.com/news-announcing-close-of-firebrand
330,Unitus Seed Fund,$13,4/2/2018,2018,II,Seattle,
331,AngelPad,$35,4/2/2018,2018,III,"Bay Area, NYC",
332,Ground Up Ventures,$19,3/30/2018,2018,I,"NYC, Israel",
332,Bedrock Capital,$122,3/27/2018,2018,I,NYC,
333,Harrison Metal Capital,$68,3/26/2018,2018,V,Bay Area,
334,Blockchain Capital,$250,3/22/2018,2018,IV,Bay Area,https://www.axios.com/blockchain-capital-1521650515-db901233-2c86-42f8-b21a-1d1d323e658a.html
335,Casa Verde Capital ,$45,3/13/2018,2018,I,Los Angeles,
336,Anterra Capital,$200,3/21/2018,2018,I,"Boston, Amsterdan ",
337,S Capital,$94,3/20/2018,2018,I,Israel,
338,VentureFriends,$56,3/19/2018,2018,II,Greece,
338,Sofinnova Partners,$154,3/12/2018,2018,IX,"Paris, France",
339,Companion Fund,$100,3/9/2018,2018,I,"NYC, LA, SF",https://companionfund.com/
340,Allegion Ventures,$50,3/9/2018,2018,I,Ireland ,https://www.allegion.com/corp/en/news/2018/allegion-ventures-launch.html
341,VitalizeVC,$16,3/1/2018,2018,I,Chicago,https://t.co/yDIeoH3fFi?amp=1
342,Spero Ventures,$100,3/1/2018,2018,I,Bay Area,https://www.forbes.com/sites/alexkonrad/2018/03/21/omidyar-networks-spins-out-for-profit-spero-ventures
343,Heuristic Capital Partners,$34,2/28/2018,2018,I,Bay Area,
344,Root Ventures,$77,3/1/2018,2018,II,"Bay Area, LA",
344,Berkeley SkyDeck,$24,2/23/2018,2018,I,Bay Area,
345,Boost VC,$39,2/14/2018,2018,III,Bay Area,https://venturebeat.com/2018/02/13/adam-drapers-boost-vc-closes-new-fund-to-become-the-y-combinator-of-sci-fi-startups/
346,True Wealth Ventures,$19,2/14/2018,2018,I,"Austin, Texas",
347,UpWest,$18,2/14/2018,2018,III,"Bay Area, Israel",https://medium.com/upwest-labs/announcing-our-new-fund-upwest-fund-iii-99ab25a4cad9
348,Homebrew,$90,2/12/2018,2018,III,Bay Area,https://homebrewvc.tumblr.com/post/170809955053/announcing-homebrew-iii-finding-our
349,Notation,$27,2/7/2018,2018,II,NYC,https://techcrunch.com/2018/02/07/nyc-based-notation-capital-raises-27-million-for-second-fund/
350,Science Ventures,$75,2/1/2018,2018,II,Los Angeles,https://www.sec.gov/Archives/edgar/data/1698567/000169856718000001/xslFormDX01/primary_doc.xml
350,LDV Capital,$10,2/1/2018,2018,II,NYC,https://www.wsj.com/articles/ldv-capital-raises-seed-fund-for-visual-tech-1517488201
351,Haystack,$23,1/31/2018,2018,IV,Bay Area,
352,Bonfire Ventures,$60,1/30/2018,2018,I,Los Angeles,
353,LRVHealth,$100,1/30/2018,2018,IV,Boston,
354,AI Fund,$175,1/30/2018,2018,I,Bay Area,
355,Loup Ventures,$25,1/23/2018,2018,I,"Minneapolis, US",https://www.americaninno.com/minne/inno-news-minne/ai-focused-firm-loup-ventures-closes-first-fund-at-25m/
356,Sinai Ventures,$90,1/22/2018,2018,I,"Bay Area, NYC, Israel",
356,Catapult,$55,1/18/2018,2018,I,Bay Area,
357,Social Leverage Capital,$39,1/10/2018,2018,III,"San Diego, Bay Area",
358,Sequoia Ventues - Scout Fund,$180,1/18/2018,2018,III,Bay Area,
359,Basis Set Ventures,$140,12/1/2017,2017,I,Bay Area,
360,Precursor Ventures,$15,1/12/2017,2017,I,Bay Area,https://techcrunch.com/2017/01/11/precursor-ventures-is-a-classic-seed-stage-fund-with-a-refreshing-new-twist/
361,1confirmation,$36,12/27/2017,2017,I,Bay Area,https://thecontrol.co/introducing-1confirmation-5fed4099fdc3
362,Fly Ventures,$41,12/21/2017,2017,I,"Berlin, Germany",
362,Hadean Ventures,$118,12/20/2017,2017,I,Norway,
363,Halogen Ventures,$10,12/20/2017,2017,I,Bay Area,
364,Inventure,$130,12/19/2017,2017,III,Finland,https://techcrunch.com/2017/12/19/inventure-2/
365,SeventySix Capital,$10,12/17/2017,2017,I,"Conshohocken, PA, USA",
366,Anzu Partners,$128,12/12/2017,2017,I,"San Diego, CA",
367,Hanaco Venture Capital,$80,12/12/2017,2017,I,Israel,
368,TMT Crypto Fund ,$60,12/6/2017,2017,I,UK,
368,Acceleprise,$7,12/6/2017,2017,II,Bay Area,
369,Viola Fintech,$100,12/6/2017,2017,I,Tel Aviv,https://techcrunch.com/2017/12/06/viola-fintech/
370,CrossCut,$125,12/6/2017,2017,IV,Los Angeles,https://techcrunch.com/2017/12/06/with-the-los-angeles-tech-scene-exploding-crosscut-ventures-raises-125-million-to-invest/
371,Real Ventures,$180,11/30/2017,2017,IV,"Montreal/Toronto, Canada",https://www.theglobeandmail.com/technology/foreign-funds-help-real-ventures-raise-180-million-for-two-new-capital-pools/article37130599/
372,Red & Blue Ventures,$14,12/7/2017,2017,I,Phiiladelphia,
373,Jump Capital,$100,12/7/2017,2017,I,Chicago,
374,NeoTribe Ventures,$114,11/28/2017,2017,I,Bay Area,
374,NFX,$150,11/28/2017,2017,II,"Bay Area, Israel",https://www.nfx.com/post/announcing-the-new-nfx
375,Engineering Capital,$48,11/16/2017,2017,II,Bay Area,
376,Defy Ventures,$151,11/16/2017,2017,I,Bay Area,
377,Maryland Innovation Opportuniy Fund,$25,11/16/2017,2017,I,"Maryland, US",https://technical.ly/baltimore/2017/11/14/maryland-venture-fund-closed-25m-invest-tech-companies/?utm_content=bufferae75f&utm_medium=social&utm_source=twitter.com&utm_campaign=buffer
378,Tusk Ventures,$36,11/3/2017,2017,I,NYC,
379,BioGeneration Ventures,$95,11/2/2017,2017,III,Netherlands,
380,Brighteye Ventures,$58,11/2/2017,2017,I,Luxembourg,
380,Cypress Growth Capital,$42,11/2/2017,2017,III,"Dallas, TX",
381,Viola Ventures (fka Carmel Ventures),$200,11/1/2017,2017,I,Israel,
382,CircleUp Growth Partners,$125,10/31/2017,2017,I,Bay Area,
383,Grove Ventures,$110,10/31/2017,2017,I,Israel,
384,M33 Growth,$180,10/13/2017,2017,I,Boston,
385,KCRise Fund,$19,9/1/2017,2017,I,"Kansas City, MO",
386,Village Global,$100,10/1/2017,2017,I,Bay Area,
386,Weekend Fund,$3,8/29/2017,2017,I,Bay Area,https://techcrunch.com/2017/08/29/weekend-fund-is-ryan-hoovers-3m-angel-fund/
387,Arab Angel Fund,$25,9/15/2017,2017,I,"Abu Dhabi, NYC, Washington DC",
388,Costanoa Ventures,$175,9/14/2017,2017,III,Bay Area,https://techcrunch.com/2017/09/14/costanoa-ventures-raises-175-million-fund/
389,Breakout Ventures,$60,9/14/2017,2017,I,Bay Area,
390,Point Judith Capital,$61,9/13/2017,2017,IV,Boston,targeting $100M fund
391,Insignia Venture Partners,$25,9/13/2017,2017,I,Singapore,
392,Asus,$50,9/13/2017,2017,I,Taiwanese,
392,StageOne Ventures,$110,9/5/2017,2017,III,"Israel, Bay Area",
393,Longevity Fund,$22,8/22/2017,2017,II,Bay Area,https://techcrunch.com/2017/08/22/this-23-year-old-just-closed-her-second-fund-which-is-focused-on-aging-with-22-million/
394,Leap Global Partners,$15,8/18/2017,2017,I,Bay Area,
395,Active Capital,$13,8/18/2017,2017,I,"Austin, Texas",
396,K9 Ventures,$42,8/14/2017,2017,III,Bay Area,https://techcrunch.com/2017/08/14/k9-ventures-sticks-to-its-knitting-closing-its-third-fund-with-42-million/
397,Revel Partners,$21,8/3/2017,2017,II,"NYC, Germany",
398,Rewired,$100,8/3/2017,2017,I,Switzerland,
398,Tracker,$16,8/3/2017,2017,I,Los Angeles,
399,NextView,$50,8/2/2017,2017,III,"Boston, NYC",
400,Elevation Innovation Partners,$15,8/2/2017,2017,I,NYC,
401,Third Prime Capital,$36,8/1/2017,2017,I,"NYC, South Carolina",
402,Amplo,$100,7/26/2017,2017,I,"Bay Area, NYC, Texas",
403,Mangrove Capital Partners,$170,7/19/2017,2017,V,Luxembourg,
404,Qumra Capital,$115,7/19/2017,2017,II,Israel,
404,Moment Ventures,$13,7/18/2017,2017,I,Bay Area,raising $50M
405,Evolution Equity Partners,$125,7/17/2017,2017,I,"NYC, Germany",
406,Babel Ventures,$30,7/11/2017,2017,I,Bay Area,
407,Blackhorn Ventures,$13,7/11/2017,2017,I,"Boulder, Colorado",
408,Crowberry Capial,$40,7/7/2017,2017,I,Iceland,crowberrycapital.com
409,Felix Capital,$150,7/6/2017,2017,II,UK,
410,Main Capital Partners,$114,7/6/2017,2017,V,Netherlands,
410,Breega Capital,$113,7/5/2017,2017,II,France,
411,Cipio Partners,$197,7/5/2017,2017,I,"Germany, Luxembourg",
412,Growth Street Partners,$70,7/3/2017,2017,I,Bay Area,
413,LionBird,$35,6/30/2017,2017,II,Israel,
414,Kairos Ventures,$25,6/29/2017,2017,I,LA,
415,Benhamou Global Ventures,$480,6/28/2017,2017,III,Bay Area,
416,Capnamic Ventures,$131,6/27/2017,2017,I,Germany,
416,Pantera Capital,$24,6/27/2017,2017,I,Bay Area,
417,Ludlow Ventures,$45,6/27/2017,2017,II,Michigan,https://techcrunch.com/2017/06/27/ludlow-ventures-targets-40-million-for-second-fund/
418,Applied Materials (Korea),$20,6/26/2017,2017,I,Korea,
419,TIDE Africa Fund,$40,6/26/2017,2017,I,"Kenya, UK",
420,Intudo Ventures,$10,6/13/2017,2017,I,Indonesia,
421,500 Startups Japan,$35,6/14/2017,2017,I,Japan,
422,Glynn Capital,$153,6/14/2017,2017,V,Bay Area,
422,Hardware Club,$28,6/14/2017,2017,I,Bay Area,
423,MedMen,$60,6/14/2017,2017,I,Los Angeles,
424,Ventureast,$100,6/14/2017,2017,VI,India,
425,Palo Alto Networks Fund,$20,6/14/2017,2017,I,Bay Area,
426,Firstminute Capital,$85,6/12/2017,2017,I,UK,
427,The Geekdom Fund,$20,6/9/2017,2017,II,Texas,
428,Radian Capital,$150,4/21/2017,2017,I,NYC,
428,NRV,$33,6/7/2017,2017,I,"Richmond, Virginia",http://www.richmond.com/business/local/richmond-venture-capital-firm-nrv-raises-million-in-new-investment/article_f8608bf8-ba7e-596e-a763-dd143a248f4a.html
429,Kaszek Ventures,$200,6/5/2017,2017,III,Argentina,
430,Orkila Capital,$118,6/5/2017,2017,II,NYC,
431,Rooks Nest Ventures,$26,6/5/2017,2017,I,UK,
432,First Star,$25,3/3/2017,2017,II,Boston,
433,NextGen Venture Partners,$22,3/3/2017,2017,I,Washington DC,https://techcrunch.com/2017/03/03/nextgen-venture-partners-just-raised-a-22-million-fund-from-83-investors/
434,Serra Ventures,$32,6/1/2017,2017,III,Illinois ,
434,Pentech ,$114,5/24/2017,2017,III,UK,
435,Afore Capital,$47,5/12/2017,2017,I,Bay Area,
436,Peak Ventures,$50,5/9/2017,2017,II,Utah,https://techcrunch.com/2017/05/08/peak-ventures-shores-up-its-second-fund-for-50-million/
437,Dundee Venture Capital,$31,5/7/2017,2017,III,"Omaha, Nebraska / Minneapolis, MN",
438,YL Ventures,$75,5/4/2017,2017,III,"Bay Area, Israel",https://techcrunch.com/2017/05/04/yl-ventures-closes-75-million-fund-to-bring-israeli-startups-to-the-us/
439,Salesforce AppExchange fund,$100,5/3/2017,2017,I,Bay Area,https://venturebeat.com/2017/05/02/salesforce-launches-appexchange-partner-program-and-100-million-platform-fund/
440,Origin Ventures,$80,4/27/2017,2017,IV,"Chicago, Salt Lake City",https://techcrunch.com/2017/04/27/chicagos-origin-ventures-just-raised-80-million-for-its-fourth-fund/
440,SeedPlus,$18,4/25/2017,2017,I,Singapore,
441,YI Capital,$116,4/24/2017,2017,I,China,
442,ENIAC Ventures,$100,4/13/2017,2017,IV,"NYC, Bay Area",
443,Freestyle,$90,4/10/2017,2017,IV,Bay Area,
444,Felix Capital,$55,4/10/2017,2017,II,UK,
445,The Engine,$150,4/6/2017,2017,I,Boston,
446,Forward Ventures,$75,4/5/2017,2017,II,UK,
446,Resolute Ventures,$65,4/4/2017,2017,III,"Bay Area, Boston",
447,Israel Secondary Fund,$100,4/2/2017,2017,II,Israel,
448,Bullish,$7,3/31/2017,2017,I,"NYC, Denver, Conneticut ",
449,Banyan Capital,$25,3/31/2017,2017,IV,China,
450,Medical Technology Venture Partners,$20,3/27/2017,2017,I,Bay Area,
451,SAP.iO,$35,3/23/2017,2017,I,Bay Area,SAP.io
452,Octopus Ventures,$150,3/23/2017,2017,,London,
452,Biomatics Capital Partners,$200,3/15/2017,2017,I,Seattle,
453,Rokk3r Labs,$150,3/14/2017,2017,I,"Miami, Florida",
454,Floodgate,$131,3/11/2017,2017,VI,Bay Area,
455,Blumberg Capital,$200,3/9/2017,2017,IV,"Bay Area, NYC, Israel",
456,Pioneer Capital,$145,3/13/2017,2017,III,New Zealand,
457,Activant Capital,$75,3/13/2017,2017,II,"Connecticut, US",
458,K2 Global,$183,2/24/2017,2017,I,Bay Area,https://techcrunch.com/2017/02/23/k2-globals-183-million-fund-aims-to-decentralize-sand-hill-road/
458,Betaworks Ventures,$50,2/22/2017,2017,I,NYC,https://www.axios.com/pro-rata-2276639552.html
459,Vanedge Capital,$161,2/24/2017,2017,II,"Vancover, Canada",http://www.theglobeandmail.com/report-on-business/vanedge-capital-closes-largest-bc-venture-capital-fund-in-13-years/article34130224/
460,Project A,$147,2/22/2017,2017,II,Germany,
461,TrueBridge Capital Partners,$125,2/22/2017,2017,I,"North Carolina, US",
462,Cervin Ventures,$56,2/17/2017,2017,I,Bay Area,https://techcrunch.com/2017/02/16/cervin-ventures-unveils-new-56m-fund-aimed-at-the-future-of-the-enterprise-stack/
463,Fika Ventures,$40,2/15/2017,2017,I,Los Angeles,
464,Green Bay Ventures,$130,2/10/2017,2017,I,Bay Area,
464,Frontline Ventures ,$64,2/10/2017,2017,II,London,
465,Third Kind Ventures,$44,2/10/2017,2017,I,NYC,
466,FirstTime,$40,2/10/2017,2017,II,Israel,
467,Promus Ventures,$15,2/10/2017,2017,II,Chicago,
468,Grab Ventures,$100,2/10/2017,2017,I,Singapore,Corp VC fund of Grab Taxi
469,Amplify Ventures,$10,1/30/2017,2017,III,Los Angeles,
470,Correlation Ventures,$200,1/11/2017,2017,II,"Bay Area, San Diego, NYC",https://www.prnewswire.com/news-releases/correlation-ventures-raises-an-oversubscribed-200m-second-fund-300389254.html
470,Nyca Partners,$125,1/27/2017,2017,II,NYC,http://www.bizjournals.com/newyork/news/2017/01/27/nyca-partners-unveils-details-on-its-latest.html
471,Merus Capital,$85,1/24/2017,2017,III,Bay Area,
472,Flyover Capital,$46,1/3/2017,2017,I,Kansas,
473,Core Innovation Capital,$72,1/3/2017,2017,II,"Los Angeles, Bay Area",
474,Corrleation Ventures,$200,1/12/2017,2017,II,"San Diego, CA",
475,SOSV Investments,$150,1/4/2017,2017,III,Ireland ,
476,Eclipse Ventures,$184,1/12/2017,2017,II,Bay Area,
476,PivotNorth,,1/9/2017,2017,III,Bay Area,fund size not disclosed but likely sub $100M based on previous funds
477,Hatteras Ventures Partners,$150,1/6/2017,2017,V,"Durham, North Carolina",
478,Samsung NEXT,$150,1/5/2017,2017,I,Bay Area,
479,Digitalis Ventures,$100,1/5/2017,2017,I,NYC,
480,Marathon Venture Capital,$40,1/1/2017,2017,I,Greece,
481,Laconia,$13,1/1/2017,2017,II,NYC,
482,Firebank Ventures,$7,1/5/2017,2017,I,"Kansas City, MO",
482,Backstage Capital,$5,12/1/2016,2016,I,Bay Area,
483,BlueYard Capital,$120,1/4/2016,2016,I,"Berlin, Germany",http://techcrunch.com/2016/01/04/blueyard-capital/
484,GoAhead Ventures,$55,12/23/2016,2016,I,Bay Area,
485,SignalFire,$101,12/23/2016,2016,II,Bay Area,
486,Algebra Ventures,$40,12/23/2106,2016,I,Egypt,
487,Palm Beach Capital,$49,12/9/2016,2016,IV,"Palm Beach, Fl",https://www.sec.gov/Archives/edgar/data/1660491/000166049116000002/xslFormDX01/primary_doc.xml
488,Domain Associates,$163,12/9/2016,2016,IX,"San Diego, CA",https://www.sec.gov/Archives/edgar/data/1628864/000162886416000002/xslFormDX01/primary_doc.xml
488,Bullpen Capital,$75,12/2/2016,2016,III,Bay Area,
489,Founder Collective,$75,11/30/2016,2016,III,"Bay Area, Boston",https://medium.com/@foundercollective/announcing-founder-collective-iii-6fad299bb2b1#.f6zxrrf79
490,Draper Nexus,$175,11/23/2016,2016,II,"Bay Area, Japan",per Term Sheet
491,Caffeinated Capital,$17,11/23/2016,2016,I,Bay Area,$75M target - per Term Sheet
492,SV Angel,$53,11/23/2016,2016,VI,Bay Area,SEC filing - per Term Sheet
493,Slow Ventures,$145,11/18/2016,2016,III,Bay Area,https://techcrunch.com/2016/11/17/slow-ventures-launches-a-new-145m-fund-and-adds-scott-marlette-as-a-partner/
494,The House Fund,$6,11/16/2016,2016,I,"Berkeley, California",http://www.7x7.com/uc-berkeleys-the-house-raises-6m-to-incubate-student-start-ups-2078250174.html
494,BoldStart Ventures ,$47,11/15/2016,2016,III,NYC,https://techcrunch.com/2016/11/15/boldstart-ventures-locks-down-47-million-for-fund-three/
495,WME Ventures,$50,11/14/2016,2016,I,NYC,http://www.forbes.com/sites/alexkonrad/2016/11/14/beth-ferreira-and-wme-ventures-match-startups-with-talent/#529d612437dd
496,SJF Ventures,$74,11/4/2016,2016,IV,"Durham, North Carolina",
497,Relay Ventures,$150,11/4/2016,2016,III,"Bay Area, Toronto",
498,Campire Capital,$41,10/31/2016,2016,I,"Vancover, Canada",http://www.bctechnology.com/news/2016/10/21/Vancouver-based-Venture-Capital-Firm-Campfire-Capital-Closes-41.1-Million-Venture-Capital-Fund.cfm?id=36669
499,Chicago Ventues,$66,10/31/2016,2016,II,Chicago,http://www.chicagotribune.com/bluesky/originals/ct-chicago-ventures-66-million-second-fund-bsi-20161031-story.html
500,Javelin Venture Partners,$125,10/26/2016,2016,IV,Bay Area,https://techcrunch.com/2016/10/26/javelin-venture-partners-just-closed-its-fourth-fund-with-125-million/
500,Questa Capital,$100,10/24/2016,2016,I,Bay Area,"1st close was $100M, target is $250M"
501,Initialized Capital,$115,10/24/2016,2016,I,Bay Area,http://initialized.com/initializing-initialized-capital-dot-dot-dot
502,HealthX Ventures,$20,10/21/2016,2016,I,"Wisconsin, US",http://www.healthxventures.com/news/2016/10/2/healthx-ventures-closes-flagship-fund-of-more-than-20-million
503,Sound Ventures,$130,10/19/2016,2016,I,LA,"via Recode (early and growth stage funds, early stage fund is single LP Live Nation and growth stage fund is single LP Liberty"
504,Bowery Capital,$60,10/19/2016,2016,II,NYC,via Term Sheet
505,BioVentures Investors,$87,10/10/2016,2016,IV,Boston,http://www.businesswire.com/news/home/20161007005588/en/BioVentures-Investors-LLC-Closes-Fund-IV-87
506,Compound,$50,10/5/2016,2016,I,NYC,http://www.forbes.com/sites/alexkonrad/2016/10/05/metamorphic-ventures-rebrands-as-compound-with-new-fund/
506,Zetta Venture Partners,$100,10/5/2016,2016,II,Bay Area,http://www.forbes.com/sites/alexkonrad/2016/10/04/zetta-venture-partners-raises-100-million-for-intelligent-enterprise-software/#133c9096ca28
507,Information Venture Partners,$82,10/1/2016,2016,II,"Toronto, Canada",
508,Aleph,$180,9/26/2016,2016,II,Israel,
509,Benhamou Global Ventures,$38,9/16/2016,2016,III,Bay Area,https://www.pehub.com/2016/09/benhamou-global-ventures-has-first-close-on-75-mln-third-fund/
510,Rittenhouse Ventures,$18,9/22/2016,2016,II,"Philadelphia, USA",http://technical.ly/philly/2016/09/22/rittenhouse-ventures-closed-fund-ii
511,Elephant Partners,$156,9/22/2016,2016,I,"NYC, Boston",https://www.pehub.com/2016/09/elephant-partners-closes-initial-fund-at-over-156-mln/
512,s28 Capital,$170,9/20/2016,2016,I,Bay Area,
512,First Round Capital,$175,9/8/2016,2016,VI,"Bay Area, NYC, Philly",http://fortune.com/2016/09/08/first-round-capital-says-goodbye-to-co-founder-hello-to-new-fund/
513,MissionOG,$35,2/9/2016,2016,I,"Philadelphia, USA",http://www.phillymag.com/business/2016/02/09/missionog-35-million/
514,Long Ventures Partners,$20,9/5/2016,2016,I,Bay Area,"targeting $50M, have $20M already commited - http://fortune.com/2016/09/06/theres-a-new-ai-focused-vc-fund-in-silicon-valley/"
515,Bryant Stibel,$100,8/22/2016,2016,I,LA,http://www.wsj.com/articles/kobe-bryant-and-jeff-stibel-unveil-100-million-venture-capital-fund-1471838403
516,Brooklyn Bridge Ventures,$15,8/22/2016,2016,II,NYC,http://www.forbes.com/sites/alexkonrad/2016/08/22/charlie-odonnell-raises-15-million-fund/#338023466dab
517,Pear,$75,8/16/2016,2016,II,Bay Area,https://techcrunch.com/2016/08/16/pejman-mar-rebrands-as-it-unveils-a-75-million-new-fund/
518,KEC Ventures,$65,8/16/2016,2016,II,NYC,http://www.wsj.com/articles/kec-ventures-closes-on-65m-early-stage-fund-1471037718
518,Susa Ventures,$50,8/16/2016,2016,II,Bay Area,http://www.businesswire.com/news/home/20160816005355/en/Susa-Ventures-Closes-50M-Fund
519,Binary Capital,$175,8/1/2016,2016,II,Bay Area,https://techcrunch.com/2016/08/01/binary-capital/?ncid=rss
520,500 Istanbul,$15,7/21/2016,2016,I,Turkey,
521,Liquid 2 Ventures,$40,7/6/2016,2016,II,Bay Area,https://www.pehub.com/2016/07/nfl-hall-of-famer-joe-montanas-inaugural-venture-fund-targets-40-mln/
522,Forerunner Ventures,$122,7/5/2016,2016,III,Bay Area,https://www.sec.gov/Archives/edgar/data/1677697/000167769716000001/xslFormDX01/primary_doc.xml
523,Bloomberg Beta,$75,7/1/2016,2016,II,"NYC, Bay Area",
524,SaaStr Fund,$70,6/28/2016,2016,I,Bay Area,
524,Bee Partners,$30,6/28/2016,2016,II,Bay Area,
525,Union Square Ventures,$175,6/22/2016,2016,V,NYC,http://avc.com/2016/06/usv-2016/
526,Commerce Ventures,$26,6/13/2016,2016,II,Bay Area,1st close per SEC
527,Underscore,$85,6/9/2016,2016,I,Boston,http://www.xconomy.com/boston/2016/06/06/underscore-vc-looks-to-align-boston-tech-community-with-startups/#
528,Sherpa Ventures,$172,6/9/2016,2016,II,Bay Area,
529,Softtech VC,$100,6/8/2016,2016,V,Bay Area,http://techcrunch.com/2016/06/08/softtech-vc-closes-its-fifth-fund-with-100-million-raises-50-million-opportunity-fund/
530,"Softtech VC ""breakout"" ",$50,6/8/2016,2016,I,Bay Area,http://techcrunch.com/2016/06/08/softtech-vc-closes-its-fifth-fund-with-100-million-raises-50-million-opportunity-fund/
530,Greenspring Associates,$200,6/3/2016,2016,II,"Maryland, US",http://finance.yahoo.com/news/greenspring-associates-raises-200-million-110000236.html
531,Moneta Ventures,$25,6/2/2016,2016,II,"Sacramento, CA, US",http://techcrunch.com/2016/06/02/a-micro-vc-firm-in-sacramento-raises-a-fast-second-fund/
532,Romulus Capital,$75,6/1/2016,2016,III,Boston,http://www.forbes.com/sites/alexkonrad/2016/06/01/how-romulus-capital-built-a-150-million-firm/#535ebd0126d1
533,Clear Ventures,$120,6/1/2016,2016,I,Bay Area,http://techcrunch.com/2016/06/01/clear-ventures-run-by-veteran-investors-launches-debut-fund-with-120-million/
534,Chrysalix Venture Capital,$111,5/31/2016,2016,I,Canada,https://www.biv.com/article/2016/5/chrysalix-focusing-robots-new-146-million-fund/
535,iNovia,$120,1/20/2016,2016,IV,Canada,http://www.wsj.com/articles/canadas-inovia-capital-raises-c-175-million-for-new-venture-capital-fund-1453319996
536,Indie.vc,$30,5/31/2016,2016,II,Utah,http://www.wsj.com/articles/venture-capital-and-its-discontents-1464667261
536,State of Mind Ventures,$75,5/27/2016,2016,I,Israe,http://www.haaretz.com/israel-news/business/1.721164
537,Data Collective,$175,5/27/2016,2016,IV,Bay Area,
538,Backed,$60,5/25/2016,2016,I,UK,
539,WI Harper,$175,5/17/2016,2016,VIII,"Bay Area, China",
540,Refactor Capital,$50,5/10/2016,2016,I,Bay Area,https://www.crunchbase.com/organization/refactor-capital
541,Designer Fund,$20,5/3/2016,2016,I,Bay Area,http://techcrunch.com/2016/05/03/designer-fund-which-backs-startups-with-designers-on-their-founding-teams-has-raised-20-million/
542,Felicis Ventures,$200,4/21/2016,2016,V,Bay Area,http://techcrunch.com/2016/04/21/felicis-ventures-closes-on-200-million-roughly-double-its-last-fund/
542,Draper Associates,$190,4/11/2016,2016,I,Bay Area,
543,Altos Ventures Korea Fund,$110,3/24/2016,2016,II,"Bay Area, Korea",
544,Upside Partnership,$44,3/21/2016,2016,II,Bay Area,
545,Union Square Ventures,$175,3/18/2016,2016,IV,NYC,per SEC and Fortune 
546,Contour Venture Partners,$56,3/16/2016,2016,III,NYC,https://www.pehub.com/2016/03/new-york-based-contour-raises-81-mln-for-two-funds/
547,Mucker Capital,$45,3/9/2016,2016,III,Los Angeles,http://techcrunch.com/2016/03/09/mucker-capital-closes-on-45-million-for-an-early-stage-la-based-fund/
548,Tribeca Venture Partners,$117,2/26/2016,2016,II,NYC,http://tribecavp.com/announcing-tribeca-venture-partners-fund-ii/
548,TLV Partners,$115,2/24/2016,2016,I,Tel Aviv,
549,1955 Capital,$200,2/24/2016,2016,I,Bay Area,
550,Super Ventures,$10,2/15/2016,2016,I,Bay Area,VR focused fund
551,Courtside Ventures,$35,1/11/2016,2016,I,"NYC, Detroit",
552,Sierra Ventures,$170,1/4/2016,2016,XI,Bay Area,
553,White Star Capital,$70,11/1/2015,2015,I,"NYC, UK, Montreal",
554,Greycroft Partners,$200,11/1/2015,2015,IV,"NYC, LA",https://medium.com/@greycroftvc/ten-years-and-counting-51b7901b8a1c#.t0n04flef
554,Lerer Hippeau Ventures,$113,11/1/2015,2015,V,NYC,http://blogs.wsj.com/venturecapital/2015/11/19/lerer-hippeau-fund-v-hits-113m-as-new-york-tech-heats/
555,AH Bio Fund,$200,11/1/2015,2015,I,Bay Area,http://techcrunch.com/2015/11/18/andreessen-horowitz-gets-a-new-gp-and-a-new-fund/
556,Ameba Capital,$157,11/1/2015,2015,II,China,
557,Router Ventures,$1,11/1/2015,2015,I,"Omaha, Nebraska, USA",http://siliconprairienews.com/2015/11/router-ventures-has-raised-a-1-million-fund-so-far/
558,Brooklyn Bridge Ventures,$13,11/1/2015,2015,II,NYC,http://techcrunch.com/2015/11/15/brooklyn-bridge-ventures-approaches-15-million-target-for-second-fund/
559,Open Ocean,$100,11/1/2015,2015,I,Finland,http://techcrunch.com/2015/11/10/open-ocean-fund/
560,B-to-v Partners,$70,10/1/2015,2015,III,Germany,
560,Acton Capital Partners,$200,10/1/2015,2015,II,Germany,
561,Reach Capital,$53,10/1/2015,2015,I,Bay Area,
562,Progress Ventures,$20,10/1/2015,2015,III,"Boston, MA",
563,S2G Ventures,$125,10/1/2015,2015,I,Chicago,http://blogs.wsj.com/venturecapital/2015/10/20/new-food-and-agriculture-fund-s2g-ventures-launches-with-125-million/
564,Cloud Apps Capital Partners,$54,9/1/2015,2015,I,Bay Area,
565,TenOneTen,$18,9/1/2015,2015,I,Los Angeles,http://blogs.wsj.com/venturecapital/2014/08/29/tenoneten-founders-go-from-creating-startups-to-investing-in-them/
566,Draper Associates,$50,9/1/2015,2015,V,Bay Area,SEC
566,Amplify Partners,$150,9/1/2015,2015,II,Bay Area,
567,500 Startups,$85,9/1/2015,2015,III,Bay Area,http://blogs.wsj.com/venturecapital/2015/09/04/after-bumpy-road-500-startups-closes-fund-iii-with-85m/
568,IDG Ventures,$120,9/1/2015,2015,III,Bay Area,http://techcrunch.com/2015/08/31/idg-ventures-closes-on-120-million-for-its-third-fund/
569,BoldStart Ventures,$20,7/1/2015,2015,III,NYC,http://blogs.wsj.com/venturecapital/2015/07/24/boldstart-nails-20m-toward-new-seed-fund-as-new-york-enterprise-software-sector-matures/
570,Constanoa Venture Capital,$135,7/1/2015,2015,II,Bay Area,
571,CrossCut Ventures,$75,6/1/2015,2015,III,Los Angeles,http://fortune.com/2015/06/23/la-venture-firm-crosscut-raises-75-million-for-third-fund/?xid=soc_socialflow_facebook_FORTUNE
572,Intel Capital Diversity Fund,$125,6/1/2015,2015,I,Bay Area,http://blogs.wsj.com/venturecapital/2015/06/09/intel-capital-creates-125m-fund-for-women-minority-led-startups/
572,Passion Capital,$69,5/2015,2015,II,UK,http://techcrunch.com/2015/05/28/passion-capital-fund-2/
573,Collaborative Fund,$65,5/2015,2015,III,NYC,http://pevc.dowjones.com/Article?an=DJFVW00120150512eb5crmorn&ReturnUrl=http%3a%2f%2fpevc.dowjones.com%2fArticle%3fan%3dDJFVW00120150512eb5crmorn
574,Obvious Ventures,$123,5/2015,2015,I,Bay Area,http://venturebeat.com/2015/05/21/ev-williams-obvious-ventures-closes-123456789-round/
575,Valar,$1,5/21/2015,2015,II,NYC,
576,Formation 8 hardware fund,$100,5/2015,2015,I,Bay Area,
577,Twilio Fund,$50,5/2015,2015,I,Bay Area,http://recode.net/2015/05/20/twilio-launches-50-million-development-fund/
578,Aspect Ventures,$150,5/2015,2015,I,Bay Area,http://aspectventures.com/aspect-ventures-raises-150-million-for-first-fund/
578,Storm Ventures,$180,5/2015,2015,V,Bay Area,http://techcrunch.com/2015/05/08/storm-ventures-locks-down-180m-for-its-new-fund/
579,Slow,$65,4/2015,2015,IV,Bay Area,https://medium.com/@slow/announcing-slow-4-c70cf1b85ba6
580,Illuminate,$30,4/2015,2015,II,Bay Area,raising Fund II per SEC filing
581,Playground Global,$48,4/2015,2015,I,Bay Area,hardware accelerator - http://fortune.com/2015/04/06/ex-google-exec-andy-rubin-raises-48-million-for-hardware-incubator/
582,HWVP,$105,4/2015,2015,VII,Bay Area,http://www.strictlyvc.com/2015/04/06/hummer-winblad-reboots/
583,Freestyle,$60,4/2015,2015,III,Bay Area,http://techcrunch.com/2015/04/02/freestyle-capital-locks-down-60m-for-its-third-fund-adds-jenny-lefcourt-as-its-third-partner/
584,Structure Capital,$50,3/2015,2015,II,Bay Area,"raised $50M, not closed"
584,Ignition Partners,$200,3/2015,2015,VII,Seattle,"raising up to $200M, not clear if has closed yet"
585,Zetta Venture Partners,$60,3/2015,2015,I,Bay Area,
586,Engineering Capital,$32,2/2015,2015,I ,Bay Area,http://blogs.wsj.com/venturecapital/2015/02/24/venture-firm-engineering-capital-emerges-with-32-million-fund/
587,Notation Capital,$8,2/2015,2015,I ,NYC,
588,Homebrew Ventures,$50,2/2015,2015,II,Bay Area,
589,Homebrew Ventures,$35,2/2015,2015,Opp Fund,Bay Area,"opportunity fund, doing pro-rata in existing portfolio companies"
590,Aligned Partners,$50,2/2015,2015,II,Bay Area,
590,Crosslink Capital,$170,2/2015,2015,VII,Bay Area,http://venturebeat.com/2015/02/05/crosslink-closes-new-seed-stage-fund-with-170m-in-capital/
591,83North,$200,1/2015,2015,I,"Israel, UK",ex Greylock Israel team
592,Cendana Co-Investment Fund,$40,1/2015,2015,I,Bay Area,https://www.pehub.com/2015/01/august-aspect-blumberg-to-raise-money-cendana-get-another-40-mln/
593,Tullis Growth Fund,$21.4,1/2015,2015,I,Florida,https://www.pehub.com/2015/01/august-aspect-blumberg-to-raise-money-cendana-get-another-40-mln/
594,Kickstart Fund,$39,1/2015,2015,III,Utah,http://tech.co/kickstart-seed-fund-iii-2015-01
595,Techstars Ventures,$150,1/2015,2015,III,"Boulder, Colorado",
596,Sofia Fund,$4,1/2015,2015,II,"Minnesota, USA",http://strib.mn/1y5HFi9
596,ENIAC Ventures,$55,1/2015,2015,III,NYC,http://techcrunch.com/2015/01/22/eniac-ventures-third-fund/
597,Laconia,$5,1/2015,2015,I,NYC,
598,Tandem,$100,1/2015,2015,III,Bay Area,http://tandemcap.com/2015/01/15/tandem-completes-new-100-million-investment-fund/
599,V1.vc,$5,1/1/2018,2018,I,"Boulder, Colorado",
600,Zelkova Ventures,$13,1/1/2015,2015,II,NYC,
601,Moneta Ventures,$25,2/19/2015,2015,I,"Sacramento, CA, US",https://www.pehub.com/2015/02/moneta-ventures-fund-i-raises-25-mln/
602,Apertue Venture Partners,$50,1/2015,2015,III,NYC,
602,Data Collective,$125,12/2014,2014,I,Bay Area,Opportunity Fund
603,Cowboy Ventures,$57,12/2014,2014,II,Bay Area,http://blogs.wsj.com/venturecapital/2014/12/29/kleiner-perkins-veteran-has-the-reins-at-seed-firm-cowboy-ventures/
604,First Round Capital,$175,6/2014,2014,V,"Bay Area, NYC, Philly",http://blogs.wsj.com/venturecapital/2014/06/26/first-round-capital-gathers-175m-for-fifth-fund/?mod=WSJBlog
605,Jaquar Ventures,$10.0,12/1/2014,2014,I,"Mexico City, Buenos Aires ",
606,Primary Venture Partners,$30.0,4/2014,2014,I,NYC,1st close - $60M target - http://pevc.dowjones.com/article?an=DJFVW00120141217eachqux8m&from=alert&pid=22&ReturnUrl=http%3a%2f%2fpevc.dowjones.com%2farticle%3fan%3dDJFVW00120141217eachqux8m%26from%3dalert%26pid%3d22
607,xFund,$100,12/2014,2014,II,"Boston, Bay Area",http://techcrunch.com/2014/12/04/harvard-based-xfund-closes-a-100m-second-fund/
608,Cendana Capital,$50,12/2014,2014,II,Bay Area,Fund of Funds
608,Golden Ventures Partners,$40,11/2014,2014,II,"Toronto, Canada",https://medium.com/@mattgoldenvp/golden-venture-partners-ii-d81c3cd0db60
609,Unshackled,$3.5,11/2014,2014,I,Bay Area,http://blogs.wsj.com/venturecapital/2014/11/13/unshackled-a-new-angel-fund-forms-to-back-immigrant-entrepreneurs/?mg=blogs-wsj&url=http%253A%252F%252Fblogs.wsj.com%252Fventurecapital%252F2014%252F11%252F13%252Funshackled-a-new-angel-fund-forms-to-back-immigrant-entrepreneurs
610,Female Founders Fund (FCubed),$5,11/2014,2014,I,NYC,
611,Two Sigma Ventures,$150,11/18/2014,2014,II,NYC,
612,Indicator Ventues,$16,11/12/2014,2014,I,"Boston, NYC, Bay Area",
613,Common Angels,$27,10/2014,2014,IV,Boston,http://www.xconomy.com/boston/2014/10/14/commonangels-ventures-closes-26-5m-fund-in-shifting-vc-landscape/
614,Ludlow Ventures,$15,10/2014,2014,I,Detroit,
614,Akkadian Ventures,$75,10/2014,2014,III,Bay Area,
615,Peak Ventures,$23,10/2014,2014,I,Utah,http://venturebeat.com/2014/09/08/peak-ventures-launches-23-million-venture-capital-fund-for-tech-startups/
616,Founder Circle,$195,10/2014,2014,I,Bay Area,
617,Version One Ventures,$35,10/2014,2014,II,"Vancover, Canada",
618,Carmel Ventures,$194,10/2014,2014,IV,Israel,
619,OS Fund,$100,10/2014,2014,I,DC,
620,Shenzhen Co-Win Venture Capital,$75,10/2014,2014,I,China,
620,Causeway Media Partners,$125.6,10/2014,2014,I,Boston,
621,Forbion Capital Partners,$116,10/2014,2014,,Netherlands,
622,Industry Ventures,$170,9/2014,2014,,Bay Area,
623,Magma,$150,9/2014,2014,IV,Israel,http://blogs.wsj.com/digits/2014/09/29/israeli-vc-firm-behind-apps-sold-to-google-facebook-raises-150-mln-fund/
624,Craftsman Capital Partners,$40,9/2014,2014,I,"Dallas, Texas",
625,Draper Nexus,$29.3,9/2014,2014,II,"Tokyo, Bay Area",
626,Mosaic Ventures,$140,9/2014,2014,I,London,http://www.mosaicventures.com/
626,Aglaia Oncology Fund,$65,9/2014,2014,II,Netherlands,
627,Nova Founders Capital,$50,9/2014,2014,I,Hong Kong,
628,Altos Ventures,$60,9/2014,2014,I,"Bay Area, Korea",http://fortune.com/2014/09/18/exclusive-silicon-valley-vc-firm-bets-big-on-korea/
629,Frontline Ventures ,$50,9/2014,2014,I,Ireland , http://www.frontline.vc/blog/frontline-raises-e40m-maiden-fund/
630,DN Capital,$200,9/2014,2014,III,London and Bay Area,http://techcrunch.com/2014/09/02/dn-capital-raises-200m-for-3rd-european-fund-as-euro-tech-resurges/
631,Ribbit Capital,$125,8/2014,2014,II,Bay Area,http://www.sec.gov/Archives/edgar/data/1603636/000160363614000002/xslFormDX01/primary_doc.xml
632,Felicis Ventures,$94,7/2014,2014,IV,Bay Area,http://venturebeat.com/2014/08/05/felicis-ventures-closes-new-96m-fund-vows-to-always-vote-with-founders-in-board-decisions/
632,Binary,$125,7/2014,2014,I,Bay Area,http://dealbook.nytimes.com/2014/07/28/new-venture-fund-binary-capital-focuses-on-mission-not-just-metrics/?_php=true&_type=blogs&_r=0
633,Line (JV with Collaborative Fund),$10,7/2014,2014,I,NYC,JV with Collaborative Fund - http://dealbook.nytimes.com/2014/07/18/line-of-japan-teams-with-new-york-venture-fund-to-make-investments/?_php=true&_type=blogs&_r=0
634,Sherpa,$154,7/2014,2014,I,Bay Area,http://www.forbes.com/sites/alexkonrad/2014/07/17/sherpa-ventures-closes-fund-to-find-next-uber/
635,NextView Ventures,$40,7/2014,2014,II,"Boston, NYC",http://robgo.org/2014/07/17/announcing-nextview-ventures-ii/
636,Seedcamp,$28,7/2014,2014,III,London,http://techcrunch.com/2014/07/15/seedcamps-3rd-fund-hits-first-close-of-28m-to-scale-startups-globally/
637,Santander,$100,7/2014,2014,I,London,http://startups.co.uk/santander-to-launch-100m-fintech-fund/
638,Upside Partnership,$30,7/2014,2014,I,Bay Area,http://techcrunch.com/2014/07/10/kent-goldman-upside-partnership/
638,137 Ventures ,$137,7/2014,2014,II,Bay Area,http://techcrunch.com/2014/07/09/137-ventures-fund-ii/
639,Procyon Ventures,$10,7/1/2014,2014,I,Boston,
640,Susa Ventures,$25,6/2014,2014,I,"Los Angeles, Bay Area, NYC",http://techcrunch.com/2014/06/30/susa-ventures-fund/
641,SoftTechVC,$85,6/2014,2014,IV,Bay Area,http://www.prweb.com/releases/SoftTechvc/FundIV/prweb11978828.htm
642,Danhua Capital,$91.2,6/2014,2014,I,Bay Area,http://venturebeat.com/2014/06/17/sec-form-reveals-a-new-stanford-vc-fund-is-raising-91-2m/
643,Lerer Hippeau Ventures,$62,6/2014,2014,IV,NYC,http://www.pehub.com/2014/06/digital-media-focused-lerer-closing-in-on-fund-iv-vcj
644,Greycroft Growth,$200,6/2014,2014,I,NYC,http://www.pehub.com/2014/06/greycroft-grabs-200-mln-for-growth-fund/
644,Bull City Venture Partners,$26,6/2014,2014,I,"Durham, North Carolina",http://www.thestate.com/2014/06/16/3511172/durham-venture-capital-firm-raises.html
645,Romulus Capital,$50,6/2014,2014,I,Boston,http://bostinno.streetwise.co/2014/06/04/romulus-capital-fund-26-year-old-mit-alum-raises-50-million-for-his-own-venture-firm/
646,Lowercase,$40,6/2014,2014,III,Los Angeles,http://techcrunch.com/2014/06/10/lowercase-capital-is-raising-a-new-25m-fund/
647,Valar,$32,5/22/2014,2014,I,NYC,
648,BlueRun Ventures,$140,5/30/2014,2014,V,Bay Area,
649,Lightstone Ventures,$172,5/2014,2014,I,Bay Area,http://www.xconomy.com/boston/2014/05/01/lightstone-closes-172m-fund-for-early-stage-biotechs/
650,Merus Capital,$43,4/2014,2014,II,Bay Area,http://blogs.wsj.com/venturecapital/2014/04/23/merus-capital-closes-second-fund-raises-special-fund-to-back-adroll/?mod=WSJBlog
650,Fuel Capital,$25.3,4/2014,2014,I,Bay Area,per SEC filing
651,MHS Capital,$75,4/2014,2014,II,Bay Area,http://finance.fortune.cnn.com/2014/04/16/exclusive-mhs-capital-almost-done-raising-new-fund/
652,Crystal Tech Fund,$50,4/2014,2014,I,Washington D.C.,http://www.washingtonpost.com/business/on-small-business/500-startups-singh-launches-venture-fund-in-crystal-city-targets-post-seed-firms/2014/04/09/a3787e00-c010-11e3-b574-f8748871856a_story.html
653,Real Ventures,$50,4/2014,2014,III,"Montreal, Canada",targeting $100M http://www.techvibes.com/blog/real-ventures-closes-50-million-of-newest-fund-2014-04-14
654,Pejman Mar Ventures,$40,4/2014,2014,I,Bay Area,http://tech.fortune.cnn.com/2014/04/03/veteran-angel-raises-new-40-million-venture-fund/
655,Rise Capital,$100,4/2014,2014,I,Bay Area,http://blogs.wsj.com/venturecapital/2014/03/31/rise-capital-raising-100m-maiden-fund-for-startups-in-emerging-markets/
656,Alsop Louie,$100,4/2014,2014,III,Bay Area,http://www.sec.gov/Archives/edgar/data/1584654/000158465414000001/xslFormDX01/primary_doc.xml
656,Expa,$50,3/2014,2014,I,Bay Area,http://techcrunch.com/2014/03/14/expa-50-million/
657,Metamorphic Ventures,$70,3/2014 ,2014,II ,NYC,http://www.metamorphic.vc/metamorphic-ventures-closes-second-fund-just-shy-of-70-million/
658,Data Collective,$125,3/2014,2014,III,Bay Area,http://techcrunch.com/2014/03/31/with-a-focus-on-big-data-startups-data-collective-redefines-thematic-investing-and-debuts-its-third-fund/?fb_action_ids=10152365944314810&fb_action_types=og.likes
659,Lemnos Labs,$20,3/2014,2014,I,Bay Area,http://techcrunch.com/2014/03/26/lemnos-labs-20m/
660,Maiden Lane,$20,3/2014,2014,I,Bay Area,http://finance.fortune.cnn.com/2014/03/13/maiden-lane-angellist-syndicates/
661,BoldStart Ventures,$16.9,3/2014,2014,II,NYC,per SEC filing
662,Alpha Ventures Partnes,$10,3/2014,2014,I,NYC,"$10M first close, $20M target"
662,Deep Fork Capital,$30,2/2014,2014,II,"Bay Area, NYC",http://www.sec.gov/Archives/edgar/data/1600651/000160065014000001/xslFormDX01/primary_doc.xml
663,MuckerLab,$20,2/2014,2014,I,Los Angeles,http://techcrunch.com/2014/02/13/muckerlab-launches-new-20-million-seed-fund/?ncid=twittersocialshare
664,Vayner/RSE,$25,2/2014,2014,I,NYC, http://recode.net/2014/02/12/gary-vaynerchuk-launches-new-25-million-seed-fund/
665,Collaborative Fund,$33,2/2014,2014,II,"NYC, Bay Area",http://techcrunch.com/2014/02/26/collaborative-fund-33m-jay-kim/
666,Capital Partners,$51,2/2014,2014,I,Bay Area,"sole GP, Ronny Conway (son of Ron Conway) - http://techcrunch.com/2014/02/14/ronny-conway-closes-his-over-51-million-early-stage-fund/"
667,Kaszek Ventures,$135,2/2014,2014,II,Argentina and Brazil,http://dealbook.nytimes.com/2014/02/07/latin-america-venture-capital-fund-raises-new-135-million-fund/?_php=true&_type=blogs&smid=tw-dealbook&seid=auto&_r=0
668,IDG,$65,2/2014,2014,III,Bay Area,http://www.vcpost.com/articles/21791/20140221/san-franciscos-idg-ventures-raising-100m-for-third-fund.htm
668,Arthur Ventures,$65.0,1/1/2014,2014,II,US (Minneapolis and North Dakota), 
669,Brooklyn Bridge Ventures,$8.3,1/2014,2014,I,NYC, 
670,ff VC,$52,1/2014,2014,III,NYC,
671,Inventus Capital Partners,$106,1/2014,2014,II,"India, US",
672,Resolute Ventures,$50,1/1/2014,2014,II,"Boston, Bay Area",
673,Stage One Venture Capital,$65,1/2/2014,2014,II,Israel,
674,Union Square Ventures,$200,1/2014,2014,IV,NYC,unconfirmed - per Fortune article
674,Union Square Ventures Opportunity,$150,1/2014,2014,II,NYC,unconfirmed - per Fortune article
675,ENIAC Ventures,$12.9,9/2013,2013,II,NYC,
676,Javelin Venture Partners,$125,11/2013,2013,III,Bay Area,"investrs across the country, strong ties to NY and Boston"
677,Amplify.LA,$8.1,11/2013,2013,II,Los Angeles,
678,Freestyle,$40,9/2013,2013,II,Bay Area,
679,Noro-Moseley Partners,$47,9/2013,2013,VII,Virginia,
680,Canvas Fund,$175,9/2013,2013,I,Bay Area,was previously Morgenthaler Ventures
680,Revolution Ventures,$200,9/2013,2013,I,Washington D.C.,
681,Haywire, ,9/2013,2013,I,Bay Area,per blog post by Semil Shah - http://blog.semilshah.com/2013/09/07/making-an-addition-to-my-twitter-bio-investor/
682,Initialized Capital,$39,8/2013,2013,II,Bay Area,per SEC filing
683,YL Ventures,$27.5,7/2013,2013,II,Israel,
684,Homebrew Ventures,$35,7/2013,2013,I,Bay Area,http://finance.fortune.cnn.com/2013/07/02/exclusive-homebrew-closes-debut-fund/
685,Wing Venture Partners,$111,7/2013,2013,I,Bay Area,
686,Earlybird Ventures,$200,7/2013,2013,IV,Germany,
686,Scout Ventures,$4.3,6/2013,2013,I,NYC,http://pando.com/2014/05/21/liveoak-venture-partners-raises-a-109m-fund-deepens-austins-early-stage-capital-pool/
687,Chicago Ventures,$40,6/2013,2013,II,Chicago,
688,Bloomberg Beta,$75,6/2013,2013,I,Bay Area and NYC,
689,Causeway Media Partners,$80,6/2013,2013,I,Boston,sports media realted investments
690,Aleph,$120,6/2013,2013,I,Israel,
691,Upfront,$200,6/2013,2013,IV,LA,fka GRP
692,Red Sea Ventures,$30,5/2013,2013,I,NYC,http://www.redseaventurepartners.com/
692,InverSur Capital,$30,5/2013,2013,I,Chile,
693,Bowery Capital,$33,5/2013,2013,I,NYC,
694,Pelion Venture Partners,$194,5/2013,2013,V,Salt Lake City,
695,EIS Angel Co-Investment,$7.5,4/2013,2013,II,London,affliated with DFJ Esprit
696,BoldStart Ventures,$20,4/2013,2013,I,NYC,
697,Blackbird Ventures,$25,4/2013,2013,I,Australia,Targeting $30M
698,Kickstart Seed Fund,$26,4/2013,2013,II,Utah,focusing on early stage investments in Utah
698,Karlani Capital,$30,3/2013,2013,I,NYC,data provided by the firm
699,Westly Group,$160,3/2013,2013,II,Bay Area,http://gigaom.com/2013/03/19/westly-group-raises-a-160m-gasp-cleantech-fund/
700,Velos Capital,$15,3/2013,2013,I,Los Angeles,"according to Fortune, they are having a 1st close soon"
701,Point Nine Capital,$54,2/2013,2013,II,"Berlin, Germany",http://thenextweb.com/insider/2013/02/13/germanys-point-nine-capital-raises-a-new-54m-early-stage-fund/
702,Work-Bench Ventures,$10,12/2013,2013,I,NYC,http://pando.com/2013/12/03/work-bench-announces-10-million-fund-to-back-enterprise-startups/
703,WindSail Capital,$20.4,12/2013,2013,I,Boston,clean energy focus
704,Hoxton Ventures,$40,12/2013,2013,I,London,http://thenextweb.com/insider/2013/12/04/londons-hoxton-ventures-raises-40m-fund-early-stage-european-startups/
704,Forerunner Ventures,$55.5,12/2013,2013,II,Bay Area,
705,Illuminate,$20,11/2013,2013,I,Bay Area,http://launch.co/story/women-led-vc-firm-illuminatevc-raises-20m-fund-to-invest-in-early
706,PivotNorth Capital,$35,11/2013,2013,II,Bay Area,
707,LionBird,$20,10/2013,2013,I,Tel Aviv,
708,500 Startups,$44,10/2013,2013,II,Bay Area HQ,
709,Ludlow Ventures,$15,1/2013,2013,I,Detroit,"Targeting $15M, not clear how much they have raised so far"
710,Amplify Partners,$40,1/2013,2013,I,"Cambridge, MA","Looks like the target is $40M, unclear how much they have raised to date"
710,Ribbit Capital,$100,1/2013,2013,I,Palo Alto,focused on financial service sector
711,LiveOak Ventures Partners,$109,1/2013,2013,I,"Austin, Texas",
712,Raptor Ventures,$32,9/2012,2012,I,NYC,"First close, targeting $75M"
713,Tribeca Venture Partners,$64,9/2012,2012,I,NYC,"First close, targeting $100M"
714,Founder Collective,$70,9/2012,2012,II,"Cambridge, NYC",
715,Thrive,$150,9/2012,2012,III,NYC,
716,Data Collective,$10,8/2012,2012,I,Bay Area,per GigaOm article
716,SV Angel,$40,8/2012,2012,IV,Bay Area,
717,Kibo Ventures,$60,8/2012,2012,I,"Madrid, Spain",
718,Bee Partners,$5,7/2012,2012,I,Bay Area,
719,Version One Ventures,$15,7/2012,2012,I,"Vancover, Canada",
720,Dundee Venture Capital,$15,7/2012,2012,II,"Omaha, Nebraska, USA",
721,Cowboy Ventures,$36,7/2012,2012,I,Bay Area,Targeting $40M
722,K9 Ventures,$40,7/2012,2012,II,Bay Area,
722,Forerunner Ventures,$40,7/2012,2012,I,Bay Area,
723,Floodgate,$75,7/2012,2012,IV,Bay Area,
724,Mercato Partners,$115,7/2012,2012,II,Salt Lake City,
725,Bullpen,$25,6/2012,2012,III,Bay Area,Targeting $35M
726,Felicis Ventures,$70,6/2012,2012,III,Bay Area,
727,Merus Capital,$20,5/2012,2012,II,Bay Area,Targeting $100M
728,Connect Ventures,$21,5/2012,2012,I,London,"First close, targeting $57M"
728,Vegas Tech Fund,$50,5/2012,2012,I,"Las Vegas, Nevada",
729,First Round Capital,$135,5/2012,2012,IV,"Bay Area, NYC, Philly",
730,PowerFund,$28,4/2012,2012,II,"Boulder, Colorado",David Cohen's Fund (of Techstars)
731,Okapi Ventures,$20,3/2012,2012,II,Los Angeles,
732,Core Innovation Capital,$45,3/2012,2012,I,NYC,
733,Learn Capital,$50,3/2012,2012,I,Bay Area,
734,Emergent Medical Partners,$55,3/2012,2012,I,Bay Area,life science fund
734,BBVA Ventures,$100,3/2012,2012,I,"Madrin, Spain and San Francisco",fintech focused - venture are of BBVA a global bank
735,Relay Ventures,$150,3/2012,2012,VIII,Bay Area and Toronto,
736,OpenView,$200,3/2012,2012,III,Boston,Growth stage fund
737,Initialized Capital,$7,2/2012,2012,I,Bay Area,
738,NextView Ventures,$21,2/2012,2012,I,"Boston, NYC",
739,IA Ventures,$105,2/2012,2012,III,NYC,
740,Nya Ventures,$4.5,12/2012,2012,I,"Seattle, USA / India","First close, targeting $50M"
740,MentorTech Ventures,$24,12/2012,2012,III,"Philadelphia, PA, USA",
741,Costanoa Venture Capital,$100,12/2012,2012,I,Bay Area,
742,iNovia Capital,$110,12/2012,2012,III,"Montreal, Canada",
743,.406 Ventures,$175,12/2012,2012,II,Boston,
744,OATV,$85,11/2012,2012,III,"Bay Area, Utah",
745,Greycroft,$175,11/2012,2012,III,"NYC, LA",
746,MESA+,$10,10/2012,2012,I,NYC,
746,Lerer Ventures,$35,10/2012,2012,III,NYC,
747,SoftTechVC,$55,1/2012,2012,III,Bay Area,
748,Correlation Ventures,$165,1/2012,2012,I,"San Diego, CA",
749,I2A,$12,03/2012,2012,I,Chicago,Targeting $40M
750,Crunchfund,$20,9/2011,2011,I,Bay Area,
751,Freestyle,$27,9/2011,2011,I,Bay Area,
752,Union Square Ventures,$200,9/2011,2011,III,NYC,
752,Golden Ventures Partners,$15,6/2011,2011,I,"Toronto, Canada",
753,PivotNorth Capital,$35,4/2011,2011,I,Bay Area,
754,Passion Capital,$60,4/2011,2011,I,London,
755,Founders Co-Op,$7.5,12/2011,2011,II,"Seattle, USA",
756,212 Ventures,$30,12/2011,2011,I,"Istanbul, Turkey",
757,ff VC,$27,11/2011,2011,III,NYC,
758,500 Startups,$29,11/2011,2011,I,"Bay Area, NYC, Mexico, Brazil, India",
758,Resolute Ventures,$25,1/1/2011,2011,I,"Boston, Bay Area",
759,Sierra Ventures,$200,1/2011,2011,X,Bay Area,
,,,,,,,
,Average (in Millions USD),$82.88,,,,,
,Median (in Millions USD),$60.00,,,,,
,,,,,,,
,Total amount of capital of all the funds combined,"$73,349.85",,,,,
,,,,,,,
,year,Millions USD,# of new funds,avg fund size (M),median fund size (M),,
,2011,$676,12,$56,$28,,
,2012,"$2,820",44,$64,$29,,
,2013,"$2,673",43,$62,$40,,
,2014,"$6,323",84,$75,$52,,
,2015,"$4,562",58,$79,$60,,
,2016,"$7,205",81,$89,$75,,
,2017,"$11,642",142,$82,$70,,
,2018,"$5,882",80,$74,$55,,
,2019,"$3,693",39,$82,$56,,
,2020,"$3,014",40,$74,$59,,